review_area,metric,expected_value,recalculated_value,tolerance,comparison_status,reviewer,review_date,review_decision
source cleanliness,source_rows,188318,188318,0.0,PASS,Liam Stapley,2026-10-04,approved
source cleanliness,source_columns,132,132,0.0,PASS,Liam Stapley,2026-10-04,approved
source cleanliness,missing_cells,0,0,0.0,PASS,Liam Stapley,2026-10-04,approved
source cleanliness,duplicate_rows,0,0,0.0,PASS,Liam Stapley,2026-10-04,approved
source cleanliness,unique_ids,188318,188318,0.0,PASS,Liam Stapley,2026-10-04,approved
target summary,mean_loss,3037.34,3037.3376856699833,0.005,PASS,Liam Stapley,2026-10-04,approved
target summary,median_loss,2115.57,2115.5699999999997,0.005,PASS,Liam Stapley,2026-10-04,approved
target summary,p95_loss,8508.54,8508.536499999998,0.005,PASS,Liam Stapley,2026-10-04,approved
target summary,max_loss,121012.25,121012.25,0.005,PASS,Liam Stapley,2026-10-04,approved
target summary,raw_skewness,3.795,3.7949583775378586,0.0005,PASS,Liam Stapley,2026-10-04,approved
categorical cardinality,categorical_fields,116,116,0.0,PASS,Liam Stapley,2026-10-04,approved
categorical cardinality,two_level_fields,72,72,0.0,PASS,Liam Stapley,2026-10-04,approved
categorical cardinality,four_or_fewer_level_fields,88,88,0.0,PASS,Liam Stapley,2026-10-04,approved
categorical cardinality,cat1_levels,2,2,0.0,PASS,Liam Stapley,2026-10-04,approved
categorical cardinality,cat109_levels,84,84,0.0,PASS,Liam Stapley,2026-10-04,approved
categorical cardinality,cat110_levels,131,131,0.0,PASS,Liam Stapley,2026-10-04,approved
categorical cardinality,cat116_levels,326,326,0.0,PASS,Liam Stapley,2026-10-04,approved
continuous-to-target correlations,continuous_target_rows,14,14,0.0,PASS,Liam Stapley,2026-10-04,approved
continuous-to-target correlations,cont1_pearson_loss,-0.0102369377083988,-0.010236937708398845,1e-12,PASS,Liam Stapley,2026-10-04,approved
continuous-to-target correlations,cont1_spearman_loss,-0.0176407283114462,-0.01764072831144623,1e-12,PASS,Liam Stapley,2026-10-04,approved
continuous-to-target correlations,cont2_pearson_loss,0.1415279588790574,0.14152795887905745,1e-12,PASS,Liam Stapley,2026-10-04,approved
continuous-to-target correlations,cont2_spearman_loss,0.080066075409503,0.08006607540950302,1e-12,PASS,Liam Stapley,2026-10-04,approved
continuous-to-target correlations,cont3_pearson_loss,0.1110533081772167,0.11105330817721677,1e-12,PASS,Liam Stapley,2026-10-04,approved
continuous-to-target correlations,cont3_spearman_loss,0.0683534702751497,0.06835347027514971,1e-12,PASS,Liam Stapley,2026-10-04,approved
continuous-to-target correlations,cont4_pearson_loss,-0.0358308098308767,-0.035830809830876796,1e-12,PASS,Liam Stapley,2026-10-04,approved
continuous-to-target correlations,cont4_spearman_loss,-0.0278779905579417,-0.027877990557941764,1e-12,PASS,Liam Stapley,2026-10-04,approved
continuous-to-target correlations,cont5_pearson_loss,-0.0113545024464724,-0.011354502446472417,1e-12,PASS,Liam Stapley,2026-10-04,approved
continuous-to-target correlations,cont5_spearman_loss,-0.0151144554807423,-0.015114455480742396,1e-12,PASS,Liam Stapley,2026-10-04,approved
continuous-to-target correlations,cont6_pearson_loss,0.0409668247498974,0.040966824749897456,1e-12,PASS,Liam Stapley,2026-10-04,approved
continuous-to-target correlations,cont6_spearman_loss,0.0196969720312716,0.01969697203127168,1e-12,PASS,Liam Stapley,2026-10-04,approved
continuous-to-target correlations,cont7_pearson_loss,0.1197988705031021,0.11979887050310217,1e-12,PASS,Liam Stapley,2026-10-04,approved
continuous-to-target correlations,cont7_spearman_loss,0.0549275040957875,0.05492750409578756,1e-12,PASS,Liam Stapley,2026-10-04,approved
continuous-to-target correlations,cont8_pearson_loss,0.0305083795874425,0.03050837958744259,1e-12,PASS,Liam Stapley,2026-10-04,approved
continuous-to-target correlations,cont8_spearman_loss,0.0274953500776458,0.027495350077645885,1e-12,PASS,Liam Stapley,2026-10-04,approved
continuous-to-target correlations,cont9_pearson_loss,0.0144555878372424,0.014455587837242458,1e-12,PASS,Liam Stapley,2026-10-04,approved
continuous-to-target correlations,cont9_spearman_loss,0.0044010182218216,0.004401018221821646,1e-12,PASS,Liam Stapley,2026-10-04,approved
continuous-to-target correlations,cont10_pearson_loss,0.0202361429797137,0.020236142979713753,1e-12,PASS,Liam Stapley,2026-10-04,approved
continuous-to-target correlations,cont10_spearman_loss,0.0030417798359334,0.003041779835933421,1e-12,PASS,Liam Stapley,2026-10-04,approved
continuous-to-target correlations,cont11_pearson_loss,0.0998063846380459,0.09980638463804593,1e-12,PASS,Liam Stapley,2026-10-04,approved
continuous-to-target correlations,cont11_spearman_loss,0.0543232582744545,0.054323258274454535,1e-12,PASS,Liam Stapley,2026-10-04,approved
continuous-to-target correlations,cont12_pearson_loss,0.0987238497432186,0.09872384974321868,1e-12,PASS,Liam Stapley,2026-10-04,approved
continuous-to-target correlations,cont12_spearman_loss,0.0536235042019123,0.053623504201912364,1e-12,PASS,Liam Stapley,2026-10-04,approved
continuous-to-target correlations,cont13_pearson_loss,-0.0040221103687342,-0.004022110368734249,1e-12,PASS,Liam Stapley,2026-10-04,approved
continuous-to-target correlations,cont13_spearman_loss,0.0070463063823753,0.007046306382375309,1e-12,PASS,Liam Stapley,2026-10-04,approved
continuous-to-target correlations,cont14_pearson_loss,0.0192978297286684,0.01929782972866849,1e-12,PASS,Liam Stapley,2026-10-04,approved
continuous-to-target correlations,cont14_spearman_loss,0.0016665484785324,0.0016665484785324417,1e-12,PASS,Liam Stapley,2026-10-04,approved
continuous-to-target correlations,target_rank_1,cont2,cont2,0.0,PASS,Liam Stapley,2026-10-04,approved
continuous-to-target correlations,target_rank_2,cont7,cont7,0.0,PASS,Liam Stapley,2026-10-04,approved
continuous-to-target correlations,target_rank_3,cont3,cont3,0.0,PASS,Liam Stapley,2026-10-04,approved
continuous-feature pairs,continuous_pair_rows,91,91,0.0,PASS,Liam Stapley,2026-10-04,approved
continuous-feature pairs,pair_rank_1,cont11-cont12,cont11-cont12,0.0,PASS,Liam Stapley,2026-10-04,approved
continuous-feature pairs,pair_rank_2,cont1-cont9,cont1-cont9,0.0,PASS,Liam Stapley,2026-10-04,approved
continuous-feature pairs,pair_rank_3,cont6-cont10,cont6-cont10,0.0,PASS,Liam Stapley,2026-10-04,approved
headline finding,source_cleanliness_supported,PASS,PASS,0.0,PASS,Liam Stapley,2026-10-04,approved
headline finding,target_tail_supported,PASS,PASS,0.0,PASS,Liam Stapley,2026-10-04,approved
headline finding,categorical_mixture_supported,PASS,PASS,0.0,PASS,Liam Stapley,2026-10-04,approved
headline finding,weak_correlations_supported,PASS,PASS,0.0,PASS,Liam Stapley,2026-10-04,approved
headline finding,continuous_redundancy_supported,PASS,PASS,0.0,PASS,Liam Stapley,2026-10-04,approved
