gate,path,extension,sha256,workflow_run_id,git_commit,source_sha256
Gate 1,notebooks/final-deliverables/September/Gate 1/anomaly_register.csv,.csv,14ef91d2322836a4de9158baeb0c499a1799bd7bc1bfa2ae26a895603fd5b4b8,G3-20260929T042604Z-5ece32b7,5ece32b745e57335eafc4dc95181475f551e17f0,74037cb248a1064e4d578692a4f4e5d8492ed1b2033daf643496e1b68b14ae03
Gate 1,notebooks/final-deliverables/September/Gate 1/profile.csv,.csv,9f67f435eea2076801cc9f3faab925bc531ea5b07cf57e710502cf958eda5273,G3-20260929T042604Z-5ece32b7,5ece32b745e57335eafc4dc95181475f551e17f0,74037cb248a1064e4d578692a4f4e5d8492ed1b2033daf643496e1b68b14ae03
Gate 1,notebooks/final-deliverables/September/Gate 1/validation_results.csv,.csv,3d41a6c1fbef315f962c88846aea07cf158349e86cd5a5a100050170aca490c7,G3-20260929T042604Z-5ece32b7,5ece32b745e57335eafc4dc95181475f551e17f0,74037cb248a1064e4d578692a4f4e5d8492ed1b2033daf643496e1b68b14ae03
Gate 2,notebooks/final-deliverables/September/Gate 2/categorical_inventory.csv,.csv,1a86cb04eed046f115b5d3748be1f93f26aacafdfb2331da2e03fd87e858d801,G3-20260929T042604Z-5ece32b7,5ece32b745e57335eafc4dc95181475f551e17f0,74037cb248a1064e4d578692a4f4e5d8492ed1b2033daf643496e1b68b14ae03
Gate 2,notebooks/final-deliverables/September/Gate 2/categorical_level_target_tables.csv,.csv,f25fd20cd7394785afc014483b5c9c4cad755baa759ad4443b0afe8b1b9785ae,G3-20260929T042604Z-5ece32b7,5ece32b745e57335eafc4dc95181475f551e17f0,74037cb248a1064e4d578692a4f4e5d8492ed1b2033daf643496e1b68b14ae03
Gate 2,notebooks/final-deliverables/September/Gate 2/continuous_analysis_evidence/artifact_manifest.csv,.csv,22ddb5c1325301f175c6aa370c21b13dec82a0b2df0eb305dab39fe6c7533436,G3-20260929T042604Z-5ece32b7,5ece32b745e57335eafc4dc95181475f551e17f0,74037cb248a1064e4d578692a4f4e5d8492ed1b2033daf643496e1b68b14ae03
Gate 2,notebooks/final-deliverables/September/Gate 2/continuous_analysis_evidence/bin_inventory.csv,.csv,d6e02276a07f252a8439af158c05a508e52e0be1610cb76c9bc3477474b25b0e,G3-20260929T042604Z-5ece32b7,5ece32b745e57335eafc4dc95181475f551e17f0,74037cb248a1064e4d578692a4f4e5d8492ed1b2033daf643496e1b68b14ae03
Gate 2,notebooks/final-deliverables/September/Gate 2/continuous_analysis_evidence/bin_summary.csv,.csv,dbf1f0060dc72ff2982ad5b8759b8a0b2ca43a12a89cbeef0b264a64682f7098,G3-20260929T042604Z-5ece32b7,5ece32b745e57335eafc4dc95181475f551e17f0,74037cb248a1064e4d578692a4f4e5d8492ed1b2033daf643496e1b68b14ae03
Gate 2,notebooks/final-deliverables/September/Gate 2/continuous_analysis_evidence/continuous_inventory.csv,.csv,9e7b25835f4e83fc0c6500730917d631a28ce1d42feb771c62c70cb8e9858d12,G3-20260929T042604Z-5ece32b7,5ece32b745e57335eafc4dc95181475f551e17f0,74037cb248a1064e4d578692a4f4e5d8492ed1b2033daf643496e1b68b14ae03
Gate 2,notebooks/final-deliverables/September/Gate 2/continuous_analysis_evidence/derived_field_registry.csv,.csv,5379ada148e4816666e986a7725a0e3ac0c2a82a37b6cf208f35296ead826a6a,G3-20260929T042604Z-5ece32b7,5ece32b745e57335eafc4dc95181475f551e17f0,74037cb248a1064e4d578692a4f4e5d8492ed1b2033daf643496e1b68b14ae03
Gate 2,notebooks/final-deliverables/September/Gate 2/continuous_analysis_evidence/figures/cont10_bin_pattern.png,.png,e0d527e1e6fa0ee843fc0a93954326f0c4334309f2486244a22c68361fcc03b4,G3-20260929T042604Z-5ece32b7,5ece32b745e57335eafc4dc95181475f551e17f0,74037cb248a1064e4d578692a4f4e5d8492ed1b2033daf643496e1b68b14ae03
Gate 2,notebooks/final-deliverables/September/Gate 2/continuous_analysis_evidence/figures/cont10_distribution.png,.png,737fbe084f5b0f27c2980195c866ba13f6781a6c2d150a40969f63b5c682b223,G3-20260929T042604Z-5ece32b7,5ece32b745e57335eafc4dc95181475f551e17f0,74037cb248a1064e4d578692a4f4e5d8492ed1b2033daf643496e1b68b14ae03
Gate 2,notebooks/final-deliverables/September/Gate 2/continuous_analysis_evidence/figures/cont11_bin_pattern.png,.png,8ff329f8c4184fa7470150a4cbaa3f801c680a9d14f117954fc44191a5e22038,G3-20260929T042604Z-5ece32b7,5ece32b745e57335eafc4dc95181475f551e17f0,74037cb248a1064e4d578692a4f4e5d8492ed1b2033daf643496e1b68b14ae03
Gate 2,notebooks/final-deliverables/September/Gate 2/continuous_analysis_evidence/figures/cont11_distribution.png,.png,81b5cb37844dc64b8b92b7a538d11cbfd9458d01d446cf2d82c121a2cae67a0c,G3-20260929T042604Z-5ece32b7,5ece32b745e57335eafc4dc95181475f551e17f0,74037cb248a1064e4d578692a4f4e5d8492ed1b2033daf643496e1b68b14ae03
Gate 2,notebooks/final-deliverables/September/Gate 2/continuous_analysis_evidence/figures/cont12_bin_pattern.png,.png,86417321c9ef8244af81521669a634865610ce41bfd4beaa719a09c7dfd1ad9a,G3-20260929T042604Z-5ece32b7,5ece32b745e57335eafc4dc95181475f551e17f0,74037cb248a1064e4d578692a4f4e5d8492ed1b2033daf643496e1b68b14ae03
Gate 2,notebooks/final-deliverables/September/Gate 2/continuous_analysis_evidence/figures/cont12_distribution.png,.png,3a7430f35f6842824062ae18202bcd90b090b3dd2f414b2429560adc8c04c40c,G3-20260929T042604Z-5ece32b7,5ece32b745e57335eafc4dc95181475f551e17f0,74037cb248a1064e4d578692a4f4e5d8492ed1b2033daf643496e1b68b14ae03
Gate 2,notebooks/final-deliverables/September/Gate 2/continuous_analysis_evidence/figures/cont13_bin_pattern.png,.png,9bc972355e0b759b998fdabc249b3b939a5eafe0be6a32a6e6f43f1ded3d729b,G3-20260929T042604Z-5ece32b7,5ece32b745e57335eafc4dc95181475f551e17f0,74037cb248a1064e4d578692a4f4e5d8492ed1b2033daf643496e1b68b14ae03
Gate 2,notebooks/final-deliverables/September/Gate 2/continuous_analysis_evidence/figures/cont13_distribution.png,.png,9fac30e1ad29b9b9db4247b90f8bbd36cfadecf5fcc4c04f870f70e86172240a,G3-20260929T042604Z-5ece32b7,5ece32b745e57335eafc4dc95181475f551e17f0,74037cb248a1064e4d578692a4f4e5d8492ed1b2033daf643496e1b68b14ae03
Gate 2,notebooks/final-deliverables/September/Gate 2/continuous_analysis_evidence/figures/cont14_bin_pattern.png,.png,3d483a948fa6946093de584ac5d084f78bb552aba89d732e5cd486062ff171f3,G3-20260929T042604Z-5ece32b7,5ece32b745e57335eafc4dc95181475f551e17f0,74037cb248a1064e4d578692a4f4e5d8492ed1b2033daf643496e1b68b14ae03
Gate 2,notebooks/final-deliverables/September/Gate 2/continuous_analysis_evidence/figures/cont14_distribution.png,.png,72cd1dac5f44959c261c033ff7afd05d1b6fd43652c19ffedf4979a171c8c906,G3-20260929T042604Z-5ece32b7,5ece32b745e57335eafc4dc95181475f551e17f0,74037cb248a1064e4d578692a4f4e5d8492ed1b2033daf643496e1b68b14ae03
Gate 2,notebooks/final-deliverables/September/Gate 2/continuous_analysis_evidence/figures/cont1_bin_pattern.png,.png,bc142918e686b6b9bab0fa93b2d5cf866ab11528cd49eb2e8dcf35f596bfe346,G3-20260929T042604Z-5ece32b7,5ece32b745e57335eafc4dc95181475f551e17f0,74037cb248a1064e4d578692a4f4e5d8492ed1b2033daf643496e1b68b14ae03
Gate 2,notebooks/final-deliverables/September/Gate 2/continuous_analysis_evidence/figures/cont1_distribution.png,.png,660cb68fc28a0a24161ba39c77a1d551813c525254b252b0d574f86c60da3382,G3-20260929T042604Z-5ece32b7,5ece32b745e57335eafc4dc95181475f551e17f0,74037cb248a1064e4d578692a4f4e5d8492ed1b2033daf643496e1b68b14ae03
Gate 2,notebooks/final-deliverables/September/Gate 2/continuous_analysis_evidence/figures/cont2_bin_pattern.png,.png,2d83e6144a7f6ff8bf9b2fe7d6bafbdc6d84d30581b863b4d751e2d2e50e14de,G3-20260929T042604Z-5ece32b7,5ece32b745e57335eafc4dc95181475f551e17f0,74037cb248a1064e4d578692a4f4e5d8492ed1b2033daf643496e1b68b14ae03
Gate 2,notebooks/final-deliverables/September/Gate 2/continuous_analysis_evidence/figures/cont2_distribution.png,.png,e4997c40c8412527a405dc2af54b9639c601daa79fc0d774666606946be12d57,G3-20260929T042604Z-5ece32b7,5ece32b745e57335eafc4dc95181475f551e17f0,74037cb248a1064e4d578692a4f4e5d8492ed1b2033daf643496e1b68b14ae03
Gate 2,notebooks/final-deliverables/September/Gate 2/continuous_analysis_evidence/figures/cont3_bin_pattern.png,.png,72b5882203523aac08a638ac5de9b5cf16331180aa944d59863a39a897ee68a9,G3-20260929T042604Z-5ece32b7,5ece32b745e57335eafc4dc95181475f551e17f0,74037cb248a1064e4d578692a4f4e5d8492ed1b2033daf643496e1b68b14ae03
Gate 2,notebooks/final-deliverables/September/Gate 2/continuous_analysis_evidence/figures/cont3_distribution.png,.png,03cfb814a34a858f938cc309587c75c6e766747168e10ffe966abd7716cb262b,G3-20260929T042604Z-5ece32b7,5ece32b745e57335eafc4dc95181475f551e17f0,74037cb248a1064e4d578692a4f4e5d8492ed1b2033daf643496e1b68b14ae03
Gate 2,notebooks/final-deliverables/September/Gate 2/continuous_analysis_evidence/figures/cont4_bin_pattern.png,.png,47cd2b6de3c9158ff2938d292a35d8cf20e5eda0e33d9e4de41133b812883c8c,G3-20260929T042604Z-5ece32b7,5ece32b745e57335eafc4dc95181475f551e17f0,74037cb248a1064e4d578692a4f4e5d8492ed1b2033daf643496e1b68b14ae03
Gate 2,notebooks/final-deliverables/September/Gate 2/continuous_analysis_evidence/figures/cont4_distribution.png,.png,34b4e3495906517616730f2be3033995635b582f7a4f3977f89597cdca752139,G3-20260929T042604Z-5ece32b7,5ece32b745e57335eafc4dc95181475f551e17f0,74037cb248a1064e4d578692a4f4e5d8492ed1b2033daf643496e1b68b14ae03
Gate 2,notebooks/final-deliverables/September/Gate 2/continuous_analysis_evidence/figures/cont5_bin_pattern.png,.png,843a1bb8687b88e2c5059ce0414cef4732eaae69d90dc4c1eb76284437a7f848,G3-20260929T042604Z-5ece32b7,5ece32b745e57335eafc4dc95181475f551e17f0,74037cb248a1064e4d578692a4f4e5d8492ed1b2033daf643496e1b68b14ae03
Gate 2,notebooks/final-deliverables/September/Gate 2/continuous_analysis_evidence/figures/cont5_distribution.png,.png,18fb71399d18f4a86214d2a6f9f1ff2fc417cc829fccf10d4340f38502e3f783,G3-20260929T042604Z-5ece32b7,5ece32b745e57335eafc4dc95181475f551e17f0,74037cb248a1064e4d578692a4f4e5d8492ed1b2033daf643496e1b68b14ae03
Gate 2,notebooks/final-deliverables/September/Gate 2/continuous_analysis_evidence/figures/cont6_bin_pattern.png,.png,9f5507a3782b7089b5ca5453f3109e69b6cd880d4b369fbd43f83015e58e24da,G3-20260929T042604Z-5ece32b7,5ece32b745e57335eafc4dc95181475f551e17f0,74037cb248a1064e4d578692a4f4e5d8492ed1b2033daf643496e1b68b14ae03
Gate 2,notebooks/final-deliverables/September/Gate 2/continuous_analysis_evidence/figures/cont6_distribution.png,.png,5ca3495d6d5ba66a3eed24f6a13ea6990dce1c09107574d59a8fed5d29d6621f,G3-20260929T042604Z-5ece32b7,5ece32b745e57335eafc4dc95181475f551e17f0,74037cb248a1064e4d578692a4f4e5d8492ed1b2033daf643496e1b68b14ae03
Gate 2,notebooks/final-deliverables/September/Gate 2/continuous_analysis_evidence/figures/cont7_bin_pattern.png,.png,4bd557b956a683fe833da117ca024b0859bac450bba2115ad49cbe88eea36764,G3-20260929T042604Z-5ece32b7,5ece32b745e57335eafc4dc95181475f551e17f0,74037cb248a1064e4d578692a4f4e5d8492ed1b2033daf643496e1b68b14ae03
Gate 2,notebooks/final-deliverables/September/Gate 2/continuous_analysis_evidence/figures/cont7_distribution.png,.png,40a3078b5f0014ee739bbbf6bebdb1f2b7ab0a1475b9ce398e466dca210d2e14,G3-20260929T042604Z-5ece32b7,5ece32b745e57335eafc4dc95181475f551e17f0,74037cb248a1064e4d578692a4f4e5d8492ed1b2033daf643496e1b68b14ae03
Gate 2,notebooks/final-deliverables/September/Gate 2/continuous_analysis_evidence/figures/cont8_bin_pattern.png,.png,c1762a6d183308d2bd2b121fbb6d8a17c745ca1ecbef8fba6959237fecadd370,G3-20260929T042604Z-5ece32b7,5ece32b745e57335eafc4dc95181475f551e17f0,74037cb248a1064e4d578692a4f4e5d8492ed1b2033daf643496e1b68b14ae03
Gate 2,notebooks/final-deliverables/September/Gate 2/continuous_analysis_evidence/figures/cont8_distribution.png,.png,5940074edcb4adb4d00d99658a331ab64acce65c8d544beac96808e8d475dc6f,G3-20260929T042604Z-5ece32b7,5ece32b745e57335eafc4dc95181475f551e17f0,74037cb248a1064e4d578692a4f4e5d8492ed1b2033daf643496e1b68b14ae03
Gate 2,notebooks/final-deliverables/September/Gate 2/continuous_analysis_evidence/figures/cont9_bin_pattern.png,.png,3ec37d36abac507ac3155980779df7f00533bf20df0c1e69e912ed81b5d4b5d8,G3-20260929T042604Z-5ece32b7,5ece32b745e57335eafc4dc95181475f551e17f0,74037cb248a1064e4d578692a4f4e5d8492ed1b2033daf643496e1b68b14ae03
Gate 2,notebooks/final-deliverables/September/Gate 2/continuous_analysis_evidence/figures/cont9_distribution.png,.png,a5013435304517b61c2d4e9e995c1524692a43d2c8b950d6a2a29699c1c2fed0,G3-20260929T042604Z-5ece32b7,5ece32b745e57335eafc4dc95181475f551e17f0,74037cb248a1064e4d578692a4f4e5d8492ed1b2033daf643496e1b68b14ae03
Gate 2,notebooks/final-deliverables/September/Gate 2/continuous_analysis_evidence/figures/predictor_pearson_heatmap.png,.png,8c8dc16497fbdfacce7d3d170b71878be51944769c7d9dd39f359541e6c33312,G3-20260929T042604Z-5ece32b7,5ece32b745e57335eafc4dc95181475f551e17f0,74037cb248a1064e4d578692a4f4e5d8492ed1b2033daf643496e1b68b14ae03
Gate 2,notebooks/final-deliverables/September/Gate 2/continuous_analysis_evidence/method_and_source.json,.json,79b23f072e55213e42f09faf13eb31904bae59c9e94714547156ba53cf7ad426,G3-20260929T042604Z-5ece32b7,5ece32b745e57335eafc4dc95181475f551e17f0,74037cb248a1064e4d578692a4f4e5d8492ed1b2033daf643496e1b68b14ae03
Gate 2,notebooks/final-deliverables/September/Gate 2/continuous_analysis_evidence/predictor_pairs.csv,.csv,239e86176e9220f182c379c4ecf1e3aa2c859fd423fbb7c868ee47cfc3c28682,G3-20260929T042604Z-5ece32b7,5ece32b745e57335eafc4dc95181475f551e17f0,74037cb248a1064e4d578692a4f4e5d8492ed1b2033daf643496e1b68b14ae03
Gate 2,notebooks/final-deliverables/September/Gate 2/continuous_analysis_evidence/predictor_pearson_matrix.csv,.csv,a17e76cfbe767ef55a7bc63ea5fba2402a839ae31b2f1c45224a779df3741953,G3-20260929T042604Z-5ece32b7,5ece32b745e57335eafc4dc95181475f551e17f0,74037cb248a1064e4d578692a4f4e5d8492ed1b2033daf643496e1b68b14ae03
Gate 2,notebooks/final-deliverables/September/Gate 2/continuous_analysis_evidence/target_correlations.csv,.csv,7dafd9ebdc317f6b3d0af099ce93de573b5ab79f61b70da8030e88515be1036b,G3-20260929T042604Z-5ece32b7,5ece32b745e57335eafc4dc95181475f551e17f0,74037cb248a1064e4d578692a4f4e5d8492ed1b2033daf643496e1b68b14ae03
Gate 2,notebooks/final-deliverables/September/Gate 2/data_dictionary.csv,.csv,ff63a03ace0bee921a17b9535ca1e55cde62d8b7b987f6c51de540972fbefa32,G3-20260929T042604Z-5ece32b7,5ece32b745e57335eafc4dc95181475f551e17f0,74037cb248a1064e4d578692a4f4e5d8492ed1b2033daf643496e1b68b14ae03
Gate 2,notebooks/final-deliverables/September/Gate 2/findings_register.csv,.csv,ad503980844e6ead8b27204a845fa538cfc36804ccf00750e3ecebf8a2ae8b82,G3-20260929T042604Z-5ece32b7,5ece32b745e57335eafc4dc95181475f551e17f0,74037cb248a1064e4d578692a4f4e5d8492ed1b2033daf643496e1b68b14ae03
Gate 2,notebooks/final-deliverables/September/Gate 2/independent_review_register.csv,.csv,85248e6ccb7901076426a001d28ea2e311e52e1335e7068eef83fc5d33f03c8c,G3-20260929T042604Z-5ece32b7,5ece32b745e57335eafc4dc95181475f551e17f0,74037cb248a1064e4d578692a4f4e5d8492ed1b2033daf643496e1b68b14ae03
Gate 2,notebooks/final-deliverables/September/Gate 2/method_approvals.csv,.csv,eaafee3656fe6a5fd3acac337b5cc5379ccc8b6dd49da321ade07676a948c7f0,G3-20260929T042604Z-5ece32b7,5ece32b745e57335eafc4dc95181475f551e17f0,74037cb248a1064e4d578692a4f4e5d8492ed1b2033daf643496e1b68b14ae03
Gate 3,notebooks/final-deliverables/September/Gate 3/categorical-evidence/categorical_evidence_summary.csv,.csv,534d9c3def18cd7464a4069d452a557c7eadca35e0cf69e7641a03280d91e800,G3-20260929T042604Z-5ece32b7,5ece32b745e57335eafc4dc95181475f551e17f0,74037cb248a1064e4d578692a4f4e5d8492ed1b2033daf643496e1b68b14ae03
Gate 3,notebooks/final-deliverables/September/Gate 3/categorical-evidence/dominant_level_evidence.csv,.csv,2e308b68ece56ce8074d84e1dcff5837b9777f34d17cf2fdc929df2bc1a56747,G3-20260929T042604Z-5ece32b7,5ece32b745e57335eafc4dc95181475f551e17f0,74037cb248a1064e4d578692a4f4e5d8492ed1b2033daf643496e1b68b14ae03
Gate 3,notebooks/final-deliverables/September/Gate 3/categorical-evidence/high_cardinality_evidence.csv,.csv,eb796c4a3f7aedfcb62d9f1edb4dcb394d576d81eafb5b0e1b8d9240b16f1ca2,G3-20260929T042604Z-5ece32b7,5ece32b745e57335eafc4dc95181475f551e17f0,74037cb248a1064e4d578692a4f4e5d8492ed1b2033daf643496e1b68b14ae03
Gate 3,notebooks/final-deliverables/September/Gate 3/categorical-evidence/low_support_evidence.csv,.csv,ef9fa4745000157e7798994b068806edf79994a180fa9187551a5e947232a160,G3-20260929T042604Z-5ece32b7,5ece32b745e57335eafc4dc95181475f551e17f0,74037cb248a1064e4d578692a4f4e5d8492ed1b2033daf643496e1b68b14ae03
Gate 3,notebooks/final-deliverables/September/Gate 3/categorical-evidence/uneven_target_evidence.csv,.csv,76b761c36ae2f17f3995286eea8a65113dcb38ebafe554c1ec63009d2d359b85,G3-20260929T042604Z-5ece32b7,5ece32b745e57335eafc4dc95181475f551e17f0,74037cb248a1064e4d578692a4f4e5d8492ed1b2033daf643496e1b68b14ae03
Gate 3,notebooks/final-deliverables/September/Gate 3/continuous-evidence/cont2_binned_summary.csv,.csv,b645115ad1fdd1ade0beed45e93bb6dcaa2d4db2a4eb6b07c6fb5aeb96dc3a68,G3-20260929T042604Z-5ece32b7,5ece32b745e57335eafc4dc95181475f551e17f0,74037cb248a1064e4d578692a4f4e5d8492ed1b2033daf643496e1b68b14ae03
Gate 3,notebooks/final-deliverables/September/Gate 3/continuous-evidence/cont_distribution_inventory.csv,.csv,c2f6c564f0b26ff4623e7e7314f2ceec0f23bd23619569fdafb5c20746201b83,G3-20260929T042604Z-5ece32b7,5ece32b745e57335eafc4dc95181475f551e17f0,74037cb248a1064e4d578692a4f4e5d8492ed1b2033daf643496e1b68b14ae03
Gate 3,notebooks/final-deliverables/September/Gate 3/continuous-evidence/cont_field_correlations.csv,.csv,5a3462769d8c218c8107e1300b4a339ac0a1ee8f4bc61c3dc3ebfeef9d490bca,G3-20260929T042604Z-5ece32b7,5ece32b745e57335eafc4dc95181475f551e17f0,74037cb248a1064e4d578692a4f4e5d8492ed1b2033daf643496e1b68b14ae03
Gate 3,notebooks/final-deliverables/September/Gate 3/data_quality_evidence/anomaly_register.csv,.csv,dde031bacdc6df8bc5d77209e98d6ca7d2de5c1f77abe03ac4690548dcbaae9e,G3-20260929T042604Z-5ece32b7,5ece32b745e57335eafc4dc95181475f551e17f0,74037cb248a1064e4d578692a4f4e5d8492ed1b2033daf643496e1b68b14ae03
Gate 3,notebooks/final-deliverables/September/Gate 3/data_quality_evidence/categorical_level_target_relationships.csv,.csv,b1996e340b64f0618a57996fd417bfad12335924cbaf0a65132ad84faa60bfdf,G3-20260929T042604Z-5ece32b7,5ece32b745e57335eafc4dc95181475f551e17f0,74037cb248a1064e4d578692a4f4e5d8492ed1b2033daf643496e1b68b14ae03
Gate 3,notebooks/final-deliverables/September/Gate 3/data_quality_evidence/categorical_support.csv,.csv,e70dc68772fcb206068b918dd74de5716e46073116edd230f171e43d7a498d66,G3-20260929T042604Z-5ece32b7,5ece32b745e57335eafc4dc95181475f551e17f0,74037cb248a1064e4d578692a4f4e5d8492ed1b2033daf643496e1b68b14ae03
Gate 3,notebooks/final-deliverables/September/Gate 3/data_quality_evidence/categorical_target_relationships.csv,.csv,eb4ece04160369f47816597804ab5bc77beaad747598d2865a2e5f6e00dc6107,G3-20260929T042604Z-5ece32b7,5ece32b745e57335eafc4dc95181475f551e17f0,74037cb248a1064e4d578692a4f4e5d8492ed1b2033daf643496e1b68b14ae03
Gate 3,notebooks/final-deliverables/September/Gate 3/data_quality_evidence/continuous_quantile_bins.csv,.csv,50d8b3c246c7db7f1a04906b2e5494cdc3eb6aa7896f2e460a9e8d59d1cc2ab2,G3-20260929T042604Z-5ece32b7,5ece32b745e57335eafc4dc95181475f551e17f0,74037cb248a1064e4d578692a4f4e5d8492ed1b2033daf643496e1b68b14ae03
Gate 3,notebooks/final-deliverables/September/Gate 3/data_quality_evidence/continuous_target_relationships.csv,.csv,513512137ee4684447d34b1554b1aae69cf53ecf7ece62763b217c1c0c6c1b89,G3-20260929T042604Z-5ece32b7,5ece32b745e57335eafc4dc95181475f551e17f0,74037cb248a1064e4d578692a4f4e5d8492ed1b2033daf643496e1b68b14ae03
Gate 3,notebooks/final-deliverables/September/Gate 3/data_quality_evidence/distribution_summary.csv,.csv,742f07e98384fb82a0a10c19fe43b7e5014631b5bfe45c7cec9ee6dc35bbaacc,G3-20260929T042604Z-5ece32b7,5ece32b745e57335eafc4dc95181475f551e17f0,74037cb248a1064e4d578692a4f4e5d8492ed1b2033daf643496e1b68b14ae03
Gate 3,notebooks/final-deliverables/September/Gate 3/data_quality_evidence/numeric_ranges.csv,.csv,cd3d30d799b79b23c2ba21c413f9bd498656a04120b77d9bf6a4649867b2d176,G3-20260929T042604Z-5ece32b7,5ece32b745e57335eafc4dc95181475f551e17f0,74037cb248a1064e4d578692a4f4e5d8492ed1b2033daf643496e1b68b14ae03
Gate 3,notebooks/final-deliverables/September/Gate 3/data_quality_evidence/run_manifest.json,.json,7559bdca616db275bd540b185265ce4f431a41c9b3173633769e4e2e5152d35e,G3-20260929T042604Z-5ece32b7,5ece32b745e57335eafc4dc95181475f551e17f0,74037cb248a1064e4d578692a4f4e5d8492ed1b2033daf643496e1b68b14ae03
Gate 3,notebooks/final-deliverables/September/Gate 3/data_quality_evidence/source_profile.csv,.csv,ebe75abdd1e9828d27fa6a4c03c28ceb3fcaccd4f815e9e4233c8774277a7568,G3-20260929T042604Z-5ece32b7,5ece32b745e57335eafc4dc95181475f551e17f0,74037cb248a1064e4d578692a4f4e5d8492ed1b2033daf643496e1b68b14ae03
Gate 3,notebooks/final-deliverables/September/Gate 3/data_quality_evidence/validation_results.csv,.csv,5df3bca4c3c29c4e020afaa198b1fa5ab402499fe5947d4d0fea1cbc3c08067b,G3-20260929T042604Z-5ece32b7,5ece32b745e57335eafc4dc95181475f551e17f0,74037cb248a1064e4d578692a4f4e5d8492ed1b2033daf643496e1b68b14ae03
