artifact,type,status,detail,baseline_sha256,rerun_sha256,binary_hash_match
notebooks/final-deliverables/September/Gate 1/anomaly_register.csv,.csv,PASS,match,14ef91d2322836a4de9158baeb0c499a1799bd7bc1bfa2ae26a895603fd5b4b8,14ef91d2322836a4de9158baeb0c499a1799bd7bc1bfa2ae26a895603fd5b4b8,True
notebooks/final-deliverables/September/Gate 1/profile.csv,.csv,FAIL,discrete mismatch in source_dtype,9f67f435eea2076801cc9f3faab925bc531ea5b07cf57e710502cf958eda5273,8c17961b4b226738e93cc0d39db856151ac08af4d32a4d76d983f6942256f6ed,False
notebooks/final-deliverables/September/Gate 1/validation_results.csv,.csv,PASS,match,3d41a6c1fbef315f962c88846aea07cf158349e86cd5a5a100050170aca490c7,1931899b7aedece2b75a9841f6c49d741e4ca461e32cd5a84f7235b6164adb29,False
notebooks/final-deliverables/September/Gate 2/categorical_inventory.csv,.csv,PASS,match,1a86cb04eed046f115b5d3748be1f93f26aacafdfb2331da2e03fd87e858d801,3bef3bddd4f7fc461cf437a72da70f667f565cf6f07c288bdabec64069c12d42,False
notebooks/final-deliverables/September/Gate 2/categorical_level_target_tables.csv,.csv,PASS,match,f25fd20cd7394785afc014483b5c9c4cad755baa759ad4443b0afe8b1b9785ae,994413e8d8f5a4bd4c835f0be05660be2762e08e47806abd624ade0fd78e53b5,False
notebooks/final-deliverables/September/Gate 2/continuous_analysis_evidence/artifact_manifest.csv,.csv,FAIL,numeric mismatch in bytes,22ddb5c1325301f175c6aa370c21b13dec82a0b2df0eb305dab39fe6c7533436,8e27339ce5f17306a28097a95b5c5d5b86adeb16f72f37b14be64f278a67b3d6,False
notebooks/final-deliverables/September/Gate 2/continuous_analysis_evidence/bin_inventory.csv,.csv,PASS,match,d6e02276a07f252a8439af158c05a508e52e0be1610cb76c9bc3477474b25b0e,905aa9c6f1256ec8bdd2105fe50ac42063ffb8ae8d937e4ddb940a9bf0c1acec,False
notebooks/final-deliverables/September/Gate 2/continuous_analysis_evidence/bin_summary.csv,.csv,PASS,match,dbf1f0060dc72ff2982ad5b8759b8a0b2ca43a12a89cbeef0b264a64682f7098,551406e5724995cec7e3b778e93c410bfcdfc8361e387b8bc7ee2befa4ed22ec,False
notebooks/final-deliverables/September/Gate 2/continuous_analysis_evidence/continuous_inventory.csv,.csv,PASS,match,9e7b25835f4e83fc0c6500730917d631a28ce1d42feb771c62c70cb8e9858d12,3ed29056df94467cf617edfe4f796fcb4458e48d1c02912a3869f25b26790182,False
notebooks/final-deliverables/September/Gate 2/continuous_analysis_evidence/derived_field_registry.csv,.csv,PASS,match,5379ada148e4816666e986a7725a0e3ac0c2a82a37b6cf208f35296ead826a6a,77d5c52ed4a185b6938bed010aca15fa0e3c8f452ed093d4c21919ae3beb0c27,False
notebooks/final-deliverables/September/Gate 2/continuous_analysis_evidence/figures/cont10_bin_pattern.png,.png,PASS,figure present,e0d527e1e6fa0ee843fc0a93954326f0c4334309f2486244a22c68361fcc03b4,da9549a8035e043edad798a935c50c5f462c186e840c9c0370051dbf493ef09a,False
notebooks/final-deliverables/September/Gate 2/continuous_analysis_evidence/figures/cont10_distribution.png,.png,PASS,figure present,737fbe084f5b0f27c2980195c866ba13f6781a6c2d150a40969f63b5c682b223,a6daf840c843b9f2fe58a0f4748115d219dfe84c57053cb80f2ed689feb88854,False
notebooks/final-deliverables/September/Gate 2/continuous_analysis_evidence/figures/cont11_bin_pattern.png,.png,PASS,figure present,8ff329f8c4184fa7470150a4cbaa3f801c680a9d14f117954fc44191a5e22038,dcfe4b416c1ca3608e4678e84d4ebda5975625f0248246ec0074009a3b169adf,False
notebooks/final-deliverables/September/Gate 2/continuous_analysis_evidence/figures/cont11_distribution.png,.png,PASS,figure present,81b5cb37844dc64b8b92b7a538d11cbfd9458d01d446cf2d82c121a2cae67a0c,59fa09a27afa51dfd36fef9856c9b01555e6a4c0c8b495ae64b4c06918e34b88,False
notebooks/final-deliverables/September/Gate 2/continuous_analysis_evidence/figures/cont12_bin_pattern.png,.png,PASS,figure present,86417321c9ef8244af81521669a634865610ce41bfd4beaa719a09c7dfd1ad9a,068f3af6681758f643f134fcea55d947a67527dcb944b53aefdf136db49c536d,False
notebooks/final-deliverables/September/Gate 2/continuous_analysis_evidence/figures/cont12_distribution.png,.png,PASS,figure present,3a7430f35f6842824062ae18202bcd90b090b3dd2f414b2429560adc8c04c40c,98d2fb98773566dafac81ae8bb1529be1ed18c602103dc70f1834d376af8bc32,False
notebooks/final-deliverables/September/Gate 2/continuous_analysis_evidence/figures/cont13_bin_pattern.png,.png,PASS,figure present,9bc972355e0b759b998fdabc249b3b939a5eafe0be6a32a6e6f43f1ded3d729b,c9e7c6085f72910389cc157b1e9ce3132375456702e957a6ae16600ab7ee290c,False
notebooks/final-deliverables/September/Gate 2/continuous_analysis_evidence/figures/cont13_distribution.png,.png,PASS,figure present,9fac30e1ad29b9b9db4247b90f8bbd36cfadecf5fcc4c04f870f70e86172240a,88cc2fd814b30ef9867681e14420989b46133e9727e28478b6fed0889bd66acd,False
notebooks/final-deliverables/September/Gate 2/continuous_analysis_evidence/figures/cont14_bin_pattern.png,.png,PASS,figure present,3d483a948fa6946093de584ac5d084f78bb552aba89d732e5cd486062ff171f3,19bed25498906f98ee2302b43b7b35b21f19f0b6d72f47f599b9d666ce8620c3,False
notebooks/final-deliverables/September/Gate 2/continuous_analysis_evidence/figures/cont14_distribution.png,.png,PASS,figure present,72cd1dac5f44959c261c033ff7afd05d1b6fd43652c19ffedf4979a171c8c906,c8e975cbadfa8d4144fca08ef84b45e2af39094afb9a5bed8e8099751938dbb7,False
notebooks/final-deliverables/September/Gate 2/continuous_analysis_evidence/figures/cont1_bin_pattern.png,.png,PASS,figure present,bc142918e686b6b9bab0fa93b2d5cf866ab11528cd49eb2e8dcf35f596bfe346,79927896f1fc74c6d19af52cc3456fee0301e148e5436369479f2d4fb7a68ccf,False
notebooks/final-deliverables/September/Gate 2/continuous_analysis_evidence/figures/cont1_distribution.png,.png,PASS,figure present,660cb68fc28a0a24161ba39c77a1d551813c525254b252b0d574f86c60da3382,156e5b97c7f62fdf748aae895b6990de1d9c04072b44f4d942ee663319bf5971,False
notebooks/final-deliverables/September/Gate 2/continuous_analysis_evidence/figures/cont2_bin_pattern.png,.png,PASS,figure present,2d83e6144a7f6ff8bf9b2fe7d6bafbdc6d84d30581b863b4d751e2d2e50e14de,28eb3531cb69c32f2033c4e6b28238ff15d9d9c5eeab117560f8f820ab06a8e9,False
notebooks/final-deliverables/September/Gate 2/continuous_analysis_evidence/figures/cont2_distribution.png,.png,PASS,figure present,e4997c40c8412527a405dc2af54b9639c601daa79fc0d774666606946be12d57,d75986de3765b73b2b462ec65950ab6ffaf727bb099693b0a1052a8ae7fdc255,False
notebooks/final-deliverables/September/Gate 2/continuous_analysis_evidence/figures/cont3_bin_pattern.png,.png,PASS,figure present,72b5882203523aac08a638ac5de9b5cf16331180aa944d59863a39a897ee68a9,3d949f8ee10095ed5ca7835b9dee08ee6c35490fa031dbb072bd6803463df92f,False
notebooks/final-deliverables/September/Gate 2/continuous_analysis_evidence/figures/cont3_distribution.png,.png,PASS,figure present,03cfb814a34a858f938cc309587c75c6e766747168e10ffe966abd7716cb262b,cc9b9785412e12541baea9fb0f1aa798ee3a627152ec63f16ebcd8f376a2ae7d,False
notebooks/final-deliverables/September/Gate 2/continuous_analysis_evidence/figures/cont4_bin_pattern.png,.png,PASS,figure present,47cd2b6de3c9158ff2938d292a35d8cf20e5eda0e33d9e4de41133b812883c8c,a7bdc53f1a3147b2ab025c231cf5b26564380d71815d2d8f68a360f9b963dad6,False
notebooks/final-deliverables/September/Gate 2/continuous_analysis_evidence/figures/cont4_distribution.png,.png,PASS,figure present,34b4e3495906517616730f2be3033995635b582f7a4f3977f89597cdca752139,d6280c1351c89df9559a0def24bc965c733a33965f3e3f5fc261e0f5e7815b49,False
notebooks/final-deliverables/September/Gate 2/continuous_analysis_evidence/figures/cont5_bin_pattern.png,.png,PASS,figure present,843a1bb8687b88e2c5059ce0414cef4732eaae69d90dc4c1eb76284437a7f848,693ed04acb14b5a38ff407c7510eb71806cc425657ffb633de9d75ef69d27649,False
notebooks/final-deliverables/September/Gate 2/continuous_analysis_evidence/figures/cont5_distribution.png,.png,PASS,figure present,18fb71399d18f4a86214d2a6f9f1ff2fc417cc829fccf10d4340f38502e3f783,81151564ac9f5011f3159ed37f888d80a1c59f214e157c3c415f07c077bcea10,False
notebooks/final-deliverables/September/Gate 2/continuous_analysis_evidence/figures/cont6_bin_pattern.png,.png,PASS,figure present,9f5507a3782b7089b5ca5453f3109e69b6cd880d4b369fbd43f83015e58e24da,745683b86c62e7952a76a07f547adf73ccac85f30e94ce04d5617a0db2f8e121,False
notebooks/final-deliverables/September/Gate 2/continuous_analysis_evidence/figures/cont6_distribution.png,.png,PASS,figure present,5ca3495d6d5ba66a3eed24f6a13ea6990dce1c09107574d59a8fed5d29d6621f,2b422cc19aeb9be34276532d8576f31211b580faf5e0aafaf7885ad8ed5d61aa,False
notebooks/final-deliverables/September/Gate 2/continuous_analysis_evidence/figures/cont7_bin_pattern.png,.png,PASS,figure present,4bd557b956a683fe833da117ca024b0859bac450bba2115ad49cbe88eea36764,05b7e8afe1224bf581289b698d5cdc3d32c22f0d1e2ec60ecabf96bc88b91867,False
notebooks/final-deliverables/September/Gate 2/continuous_analysis_evidence/figures/cont7_distribution.png,.png,PASS,figure present,40a3078b5f0014ee739bbbf6bebdb1f2b7ab0a1475b9ce398e466dca210d2e14,8aad60971396afe9a9a617c0d6f2c83a92f23f83fc07fb9e6abc7612d4a50dec,False
notebooks/final-deliverables/September/Gate 2/continuous_analysis_evidence/figures/cont8_bin_pattern.png,.png,PASS,figure present,c1762a6d183308d2bd2b121fbb6d8a17c745ca1ecbef8fba6959237fecadd370,cc7befff277e9e4389dff428b0683655d7ef898bde022b0041e0016a7010d0ae,False
notebooks/final-deliverables/September/Gate 2/continuous_analysis_evidence/figures/cont8_distribution.png,.png,PASS,figure present,5940074edcb4adb4d00d99658a331ab64acce65c8d544beac96808e8d475dc6f,60d768284fe1a4d79b46d2fe13fee9a7eea7795bb3c5bb251f27c025a43614a5,False
notebooks/final-deliverables/September/Gate 2/continuous_analysis_evidence/figures/cont9_bin_pattern.png,.png,PASS,figure present,3ec37d36abac507ac3155980779df7f00533bf20df0c1e69e912ed81b5d4b5d8,92fc8ceb1777a17d796ceda71d6a6349480ce472fa5e98da7d239825da519c75,False
notebooks/final-deliverables/September/Gate 2/continuous_analysis_evidence/figures/cont9_distribution.png,.png,PASS,figure present,a5013435304517b61c2d4e9e995c1524692a43d2c8b950d6a2a29699c1c2fed0,e330406721bcc87638905682a174a2cff521c1e920aa823ce9390eb7a5758582,False
notebooks/final-deliverables/September/Gate 2/continuous_analysis_evidence/figures/predictor_pearson_heatmap.png,.png,PASS,figure present,8c8dc16497fbdfacce7d3d170b71878be51944769c7d9dd39f359541e6c33312,be3c8a76dbdeb33dddbf501f3caffe3813d118e117e4b1014907ef11d047db30,False
notebooks/final-deliverables/September/Gate 2/continuous_analysis_evidence/method_and_source.json,.json,PASS,semantic match,79b23f072e55213e42f09faf13eb31904bae59c9e94714547156ba53cf7ad426,aadc2619aeaaf35d272a47fae5fbbece8078eddb84a289860b91147aaf5039ee,False
notebooks/final-deliverables/September/Gate 2/continuous_analysis_evidence/predictor_pairs.csv,.csv,PASS,match,239e86176e9220f182c379c4ecf1e3aa2c859fd423fbb7c868ee47cfc3c28682,627ab57adca0f97c93bf2184fc775a0e50c255b46f3b7501e079d50261436782,False
notebooks/final-deliverables/September/Gate 2/continuous_analysis_evidence/predictor_pearson_matrix.csv,.csv,PASS,match,a17e76cfbe767ef55a7bc63ea5fba2402a839ae31b2f1c45224a779df3741953,ef004648ac4c7343307a380d9f9f7a53c5fb41d6f2562ffedc4831685dd1ae02,False
notebooks/final-deliverables/September/Gate 2/continuous_analysis_evidence/target_correlations.csv,.csv,PASS,match,7dafd9ebdc317f6b3d0af099ce93de573b5ab79f61b70da8030e88515be1036b,ea9a9465476ed6c5d3521639136fba701c93158a264ec8c7a3203bb0686d6550,False
notebooks/final-deliverables/September/Gate 2/data_dictionary.csv,.csv,PASS,match,ff63a03ace0bee921a17b9535ca1e55cde62d8b7b987f6c51de540972fbefa32,ff63a03ace0bee921a17b9535ca1e55cde62d8b7b987f6c51de540972fbefa32,True
notebooks/final-deliverables/September/Gate 2/findings_register.csv,.csv,PASS,match,84e9efd41d58c8d11d691e064ada82b80ce687ead2ae78bdb1077bb1f7f5a0ff,84e9efd41d58c8d11d691e064ada82b80ce687ead2ae78bdb1077bb1f7f5a0ff,True
notebooks/final-deliverables/September/Gate 2/gate3_signoff.csv,.csv,PASS,match,913a46969df42748b0dd7de54eb9d5f54b77f8a1c8461c9d239c673c5f174d75,913a46969df42748b0dd7de54eb9d5f54b77f8a1c8461c9d239c673c5f174d75,True
notebooks/final-deliverables/September/Gate 2/independent_review_register.csv,.csv,PASS,match,2af06bfe8c4bc3c3adf5a516b697afca0b5245db821c0e8dfa098ea7d410d651,2af06bfe8c4bc3c3adf5a516b697afca0b5245db821c0e8dfa098ea7d410d651,True
notebooks/final-deliverables/September/Gate 2/method_approvals.csv,.csv,PASS,match,31a07307d29984a1f9a9ab8f94dd3eb586570bae4fedb41007f4518d00939720,31a07307d29984a1f9a9ab8f94dd3eb586570bae4fedb41007f4518d00939720,True
notebooks/final-deliverables/September/Gate 3/categorical-evidence/categorical_evidence_summary.csv,.csv,PASS,match,534d9c3def18cd7464a4069d452a557c7eadca35e0cf69e7641a03280d91e800,534d9c3def18cd7464a4069d452a557c7eadca35e0cf69e7641a03280d91e800,True
notebooks/final-deliverables/September/Gate 3/categorical-evidence/dominant_level_evidence.csv,.csv,PASS,match,2e308b68ece56ce8074d84e1dcff5837b9777f34d17cf2fdc929df2bc1a56747,2e308b68ece56ce8074d84e1dcff5837b9777f34d17cf2fdc929df2bc1a56747,True
notebooks/final-deliverables/September/Gate 3/categorical-evidence/high_cardinality_evidence.csv,.csv,PASS,match,eb796c4a3f7aedfcb62d9f1edb4dcb394d576d81eafb5b0e1b8d9240b16f1ca2,eb796c4a3f7aedfcb62d9f1edb4dcb394d576d81eafb5b0e1b8d9240b16f1ca2,True
notebooks/final-deliverables/September/Gate 3/categorical-evidence/low_support_evidence.csv,.csv,PASS,match,ef9fa4745000157e7798994b068806edf79994a180fa9187551a5e947232a160,ef9fa4745000157e7798994b068806edf79994a180fa9187551a5e947232a160,True
notebooks/final-deliverables/September/Gate 3/categorical-evidence/uneven_target_evidence.csv,.csv,PASS,match,76b761c36ae2f17f3995286eea8a65113dcb38ebafe554c1ec63009d2d359b85,76b761c36ae2f17f3995286eea8a65113dcb38ebafe554c1ec63009d2d359b85,True
notebooks/final-deliverables/September/Gate 3/continuous-evidence/cont2_binned_summary.csv,.csv,PASS,match,b645115ad1fdd1ade0beed45e93bb6dcaa2d4db2a4eb6b07c6fb5aeb96dc3a68,b645115ad1fdd1ade0beed45e93bb6dcaa2d4db2a4eb6b07c6fb5aeb96dc3a68,True
notebooks/final-deliverables/September/Gate 3/continuous-evidence/cont_distribution_inventory.csv,.csv,PASS,match,c2f6c564f0b26ff4623e7e7314f2ceec0f23bd23619569fdafb5c20746201b83,c2f6c564f0b26ff4623e7e7314f2ceec0f23bd23619569fdafb5c20746201b83,True
notebooks/final-deliverables/September/Gate 3/continuous-evidence/cont_field_correlations.csv,.csv,PASS,match,5a3462769d8c218c8107e1300b4a339ac0a1ee8f4bc61c3dc3ebfeef9d490bca,5a3462769d8c218c8107e1300b4a339ac0a1ee8f4bc61c3dc3ebfeef9d490bca,True
notebooks/final-deliverables/September/Gate 3/data_quality_evidence/anomaly_register.csv,.csv,PASS,match,dde031bacdc6df8bc5d77209e98d6ca7d2de5c1f77abe03ac4690548dcbaae9e,dde031bacdc6df8bc5d77209e98d6ca7d2de5c1f77abe03ac4690548dcbaae9e,True
notebooks/final-deliverables/September/Gate 3/data_quality_evidence/categorical_level_target_relationships.csv,.csv,PASS,match,b1996e340b64f0618a57996fd417bfad12335924cbaf0a65132ad84faa60bfdf,b1996e340b64f0618a57996fd417bfad12335924cbaf0a65132ad84faa60bfdf,True
notebooks/final-deliverables/September/Gate 3/data_quality_evidence/categorical_support.csv,.csv,PASS,match,e70dc68772fcb206068b918dd74de5716e46073116edd230f171e43d7a498d66,e70dc68772fcb206068b918dd74de5716e46073116edd230f171e43d7a498d66,True
notebooks/final-deliverables/September/Gate 3/data_quality_evidence/categorical_target_relationships.csv,.csv,PASS,match,eb4ece04160369f47816597804ab5bc77beaad747598d2865a2e5f6e00dc6107,eb4ece04160369f47816597804ab5bc77beaad747598d2865a2e5f6e00dc6107,True
notebooks/final-deliverables/September/Gate 3/data_quality_evidence/continuous_quantile_bins.csv,.csv,PASS,match,50d8b3c246c7db7f1a04906b2e5494cdc3eb6aa7896f2e460a9e8d59d1cc2ab2,50d8b3c246c7db7f1a04906b2e5494cdc3eb6aa7896f2e460a9e8d59d1cc2ab2,True
notebooks/final-deliverables/September/Gate 3/data_quality_evidence/continuous_target_relationships.csv,.csv,PASS,match,513512137ee4684447d34b1554b1aae69cf53ecf7ece62763b217c1c0c6c1b89,513512137ee4684447d34b1554b1aae69cf53ecf7ece62763b217c1c0c6c1b89,True
notebooks/final-deliverables/September/Gate 3/data_quality_evidence/distribution_summary.csv,.csv,PASS,match,742f07e98384fb82a0a10c19fe43b7e5014631b5bfe45c7cec9ee6dc35bbaacc,742f07e98384fb82a0a10c19fe43b7e5014631b5bfe45c7cec9ee6dc35bbaacc,True
notebooks/final-deliverables/September/Gate 3/data_quality_evidence/numeric_ranges.csv,.csv,PASS,match,cd3d30d799b79b23c2ba21c413f9bd498656a04120b77d9bf6a4649867b2d176,cd3d30d799b79b23c2ba21c413f9bd498656a04120b77d9bf6a4649867b2d176,True
notebooks/final-deliverables/September/Gate 3/data_quality_evidence/run_manifest.json,.json,PASS,semantic match,7559bdca616db275bd540b185265ce4f431a41c9b3173633769e4e2e5152d35e,7559bdca616db275bd540b185265ce4f431a41c9b3173633769e4e2e5152d35e,True
notebooks/final-deliverables/September/Gate 3/data_quality_evidence/source_profile.csv,.csv,PASS,match,ebe75abdd1e9828d27fa6a4c03c28ceb3fcaccd4f815e9e4233c8774277a7568,ebe75abdd1e9828d27fa6a4c03c28ceb3fcaccd4f815e9e4233c8774277a7568,True
notebooks/final-deliverables/September/Gate 3/data_quality_evidence/validation_results.csv,.csv,PASS,match,5df3bca4c3c29c4e020afaa198b1fa5ab402499fe5947d4d0fea1cbc3c08067b,5df3bca4c3c29c4e020afaa198b1fa5ab402499fe5947d4d0fea1cbc3c08067b,True
notebooks/final-deliverables/September/Gate 3/findings-and-limitations/finding_evidence_checks.csv,.csv,PASS,match,53c20e7c2302ec447be3cfed7e33dc293cfc19b5662964327b4f3972fcac946b,53c20e7c2302ec447be3cfed7e33dc293cfc19b5662964327b4f3972fcac946b,True
notebooks/final-deliverables/September/Gate 3/findings-and-limitations/independent_recalculation_results.csv,.csv,PASS,match,52827480f708cea6aa18dd4b094422c29f2d72ed8eeea0582e90ff05a7fefc9d,52827480f708cea6aa18dd4b094422c29f2d72ed8eeea0582e90ff05a7fefc9d,True
notebooks/final-deliverables/September/Gate 3/findings-and-limitations/run_manifest.json,.json,PASS,semantic match,2826a7a1d11722bfd1a48550d0860533d731dcfdc532ee77524b6c39022ddfb4,2826a7a1d11722bfd1a48550d0860533d731dcfdc532ee77524b6c39022ddfb4,True
notebooks/final-deliverables/September/Gate 3/target_distribution_evidence/target_distribution_summary.csv,.csv,PASS,match,774a05fa959fc8ae0c755feb9b429fd7d1e16d3ccb766cadc9c146bcb36b656a,774a05fa959fc8ae0c755feb9b429fd7d1e16d3ccb766cadc9c146bcb36b656a,True
notebooks/final-deliverables/September/Gate 3/target_distribution_evidence/target_distribution_views.png,.png,PASS,figure present,42339a8fabee10fb6b2dd7c8c7ccb963737d77d62954640ae4d452a3c49889a4,42339a8fabee10fb6b2dd7c8c7ccb963737d77d62954640ae4d452a3c49889a4,True
