column,role,source_dtype,workflow_dtype,missing,n_unique,min,max
id,identifier,int64,int64,0,188318,1.0,587633.0
cat1,categorical_predictor,object,category,0,2,,
cat2,categorical_predictor,object,category,0,2,,
cat3,categorical_predictor,object,category,0,2,,
cat4,categorical_predictor,object,category,0,2,,
cat5,categorical_predictor,object,category,0,2,,
cat6,categorical_predictor,object,category,0,2,,
cat7,categorical_predictor,object,category,0,2,,
cat8,categorical_predictor,object,category,0,2,,
cat9,categorical_predictor,object,category,0,2,,
cat10,categorical_predictor,object,category,0,2,,
cat11,categorical_predictor,object,category,0,2,,
cat12,categorical_predictor,object,category,0,2,,
cat13,categorical_predictor,object,category,0,2,,
cat14,categorical_predictor,object,category,0,2,,
cat15,categorical_predictor,object,category,0,2,,
cat16,categorical_predictor,object,category,0,2,,
cat17,categorical_predictor,object,category,0,2,,
cat18,categorical_predictor,object,category,0,2,,
cat19,categorical_predictor,object,category,0,2,,
cat20,categorical_predictor,object,category,0,2,,
cat21,categorical_predictor,object,category,0,2,,
cat22,categorical_predictor,object,category,0,2,,
cat23,categorical_predictor,object,category,0,2,,
cat24,categorical_predictor,object,category,0,2,,
cat25,categorical_predictor,object,category,0,2,,
cat26,categorical_predictor,object,category,0,2,,
cat27,categorical_predictor,object,category,0,2,,
cat28,categorical_predictor,object,category,0,2,,
cat29,categorical_predictor,object,category,0,2,,
cat30,categorical_predictor,object,category,0,2,,
cat31,categorical_predictor,object,category,0,2,,
cat32,categorical_predictor,object,category,0,2,,
cat33,categorical_predictor,object,category,0,2,,
cat34,categorical_predictor,object,category,0,2,,
cat35,categorical_predictor,object,category,0,2,,
cat36,categorical_predictor,object,category,0,2,,
cat37,categorical_predictor,object,category,0,2,,
cat38,categorical_predictor,object,category,0,2,,
cat39,categorical_predictor,object,category,0,2,,
cat40,categorical_predictor,object,category,0,2,,
cat41,categorical_predictor,object,category,0,2,,
cat42,categorical_predictor,object,category,0,2,,
cat43,categorical_predictor,object,category,0,2,,
cat44,categorical_predictor,object,category,0,2,,
cat45,categorical_predictor,object,category,0,2,,
cat46,categorical_predictor,object,category,0,2,,
cat47,categorical_predictor,object,category,0,2,,
cat48,categorical_predictor,object,category,0,2,,
cat49,categorical_predictor,object,category,0,2,,
cat50,categorical_predictor,object,category,0,2,,
cat51,categorical_predictor,object,category,0,2,,
cat52,categorical_predictor,object,category,0,2,,
cat53,categorical_predictor,object,category,0,2,,
cat54,categorical_predictor,object,category,0,2,,
cat55,categorical_predictor,object,category,0,2,,
cat56,categorical_predictor,object,category,0,2,,
cat57,categorical_predictor,object,category,0,2,,
cat58,categorical_predictor,object,category,0,2,,
cat59,categorical_predictor,object,category,0,2,,
cat60,categorical_predictor,object,category,0,2,,
cat61,categorical_predictor,object,category,0,2,,
cat62,categorical_predictor,object,category,0,2,,
cat63,categorical_predictor,object,category,0,2,,
cat64,categorical_predictor,object,category,0,2,,
cat65,categorical_predictor,object,category,0,2,,
cat66,categorical_predictor,object,category,0,2,,
cat67,categorical_predictor,object,category,0,2,,
cat68,categorical_predictor,object,category,0,2,,
cat69,categorical_predictor,object,category,0,2,,
cat70,categorical_predictor,object,category,0,2,,
cat71,categorical_predictor,object,category,0,2,,
cat72,categorical_predictor,object,category,0,2,,
cat73,categorical_predictor,object,category,0,3,,
cat74,categorical_predictor,object,category,0,3,,
cat75,categorical_predictor,object,category,0,3,,
cat76,categorical_predictor,object,category,0,3,,
cat77,categorical_predictor,object,category,0,4,,
cat78,categorical_predictor,object,category,0,4,,
cat79,categorical_predictor,object,category,0,4,,
cat80,categorical_predictor,object,category,0,4,,
cat81,categorical_predictor,object,category,0,4,,
cat82,categorical_predictor,object,category,0,4,,
cat83,categorical_predictor,object,category,0,4,,
cat84,categorical_predictor,object,category,0,4,,
cat85,categorical_predictor,object,category,0,4,,
cat86,categorical_predictor,object,category,0,4,,
cat87,categorical_predictor,object,category,0,4,,
cat88,categorical_predictor,object,category,0,4,,
cat89,categorical_predictor,object,category,0,8,,
cat90,categorical_predictor,object,category,0,7,,
cat91,categorical_predictor,object,category,0,8,,
cat92,categorical_predictor,object,category,0,7,,
cat93,categorical_predictor,object,category,0,5,,
cat94,categorical_predictor,object,category,0,7,,
cat95,categorical_predictor,object,category,0,5,,
cat96,categorical_predictor,object,category,0,8,,
cat97,categorical_predictor,object,category,0,7,,
cat98,categorical_predictor,object,category,0,5,,
cat99,categorical_predictor,object,category,0,16,,
cat100,categorical_predictor,object,category,0,15,,
cat101,categorical_predictor,object,category,0,19,,
cat102,categorical_predictor,object,category,0,9,,
cat103,categorical_predictor,object,category,0,13,,
cat104,categorical_predictor,object,category,0,17,,
cat105,categorical_predictor,object,category,0,20,,
cat106,categorical_predictor,object,category,0,17,,
cat107,categorical_predictor,object,category,0,20,,
cat108,categorical_predictor,object,category,0,11,,
cat109,categorical_predictor,object,category,0,84,,
cat110,categorical_predictor,object,category,0,131,,
cat111,categorical_predictor,object,category,0,16,,
cat112,categorical_predictor,object,category,0,51,,
cat113,categorical_predictor,object,category,0,61,,
cat114,categorical_predictor,object,category,0,19,,
cat115,categorical_predictor,object,category,0,23,,
cat116,categorical_predictor,object,category,0,326,,
cont1,continuous_predictor,float64,float64,0,647,1.6e-05,0.984975
cont2,continuous_predictor,float64,float64,0,33,0.001149,0.862654
cont3,continuous_predictor,float64,float64,0,76,0.002634,0.944251
cont4,continuous_predictor,float64,float64,0,112,0.176921,0.954297
cont5,continuous_predictor,float64,float64,0,141,0.281143,0.983674
cont6,continuous_predictor,float64,float64,0,2573,0.012683,0.997162
cont7,continuous_predictor,float64,float64,0,5632,0.069503,1.0
cont8,continuous_predictor,float64,float64,0,201,0.23688,0.9802
cont9,continuous_predictor,float64,float64,0,347,8e-05,0.9954
cont10,continuous_predictor,float64,float64,0,174,0.0,0.99498
cont11,continuous_predictor,float64,float64,0,326,0.035321,0.998742
cont12,continuous_predictor,float64,float64,0,328,0.036232,0.998484
cont13,continuous_predictor,float64,float64,0,353,0.000228,0.988494
cont14,continuous_predictor,float64,float64,0,18740,0.179722,0.844848
loss,regression_target,float64,float64,0,158223,0.67,121012.25
