artifact,bytes,sha256
bin_inventory.csv,2624,905aa9c6f1256ec8bdd2105fe50ac42063ffb8ae8d937e4ddb940a9bf0c1acec
bin_summary.csv,18066,551406e5724995cec7e3b778e93c410bfcdfc8361e387b8bc7ee2befa4ed22ec
continuous_inventory.csv,1768,3ed29056df94467cf617edfe4f796fcb4458e48d1c02912a3869f25b26790182
derived_field_registry.csv,5575,77d5c52ed4a185b6938bed010aca15fa0e3c8f452ed093d4c21919ae3beb0c27
figures/cont10_bin_pattern.png,77533,da9549a8035e043edad798a935c50c5f462c186e840c9c0370051dbf493ef09a
figures/cont10_distribution.png,34895,a6daf840c843b9f2fe58a0f4748115d219dfe84c57053cb80f2ed689feb88854
figures/cont11_bin_pattern.png,68749,dcfe4b416c1ca3608e4678e84d4ebda5975625f0248246ec0074009a3b169adf
figures/cont11_distribution.png,38530,59fa09a27afa51dfd36fef9856c9b01555e6a4c0c8b495ae64b4c06918e34b88
figures/cont12_bin_pattern.png,69637,068f3af6681758f643f134fcea55d947a67527dcb944b53aefdf136db49c536d
figures/cont12_distribution.png,37940,98d2fb98773566dafac81ae8bb1529be1ed18c602103dc70f1834d376af8bc32
figures/cont13_bin_pattern.png,75834,c9e7c6085f72910389cc157b1e9ce3132375456702e957a6ae16600ab7ee290c
figures/cont13_distribution.png,37115,88cc2fd814b30ef9867681e14420989b46133e9727e28478b6fed0889bd66acd
figures/cont14_bin_pattern.png,86839,19bed25498906f98ee2302b43b7b35b21f19f0b6d72f47f599b9d666ce8620c3
figures/cont14_distribution.png,38664,c8e975cbadfa8d4144fca08ef84b45e2af39094afb9a5bed8e8099751938dbb7
figures/cont1_bin_pattern.png,74977,79927896f1fc74c6d19af52cc3456fee0301e148e5436369479f2d4fb7a68ccf
figures/cont1_distribution.png,35159,156e5b97c7f62fdf748aae895b6990de1d9c04072b44f4d942ee663319bf5971
figures/cont2_bin_pattern.png,70709,28eb3531cb69c32f2033c4e6b28238ff15d9d9c5eeab117560f8f820ab06a8e9
figures/cont2_distribution.png,39483,d75986de3765b73b2b462ec65950ab6ffaf727bb099693b0a1052a8ae7fdc255
figures/cont3_bin_pattern.png,71052,3d949f8ee10095ed5ca7835b9dee08ee6c35490fa031dbb072bd6803463df92f
figures/cont3_distribution.png,38658,cc9b9785412e12541baea9fb0f1aa798ee3a627152ec63f16ebcd8f376a2ae7d
figures/cont4_bin_pattern.png,75414,a7bdc53f1a3147b2ab025c231cf5b26564380d71815d2d8f68a360f9b963dad6
figures/cont4_distribution.png,38580,d6280c1351c89df9559a0def24bc965c733a33965f3e3f5fc261e0f5e7815b49
figures/cont5_bin_pattern.png,69484,693ed04acb14b5a38ff407c7510eb71806cc425657ffb633de9d75ef69d27649
figures/cont5_distribution.png,36122,81151564ac9f5011f3159ed37f888d80a1c59f214e157c3c415f07c077bcea10
figures/cont6_bin_pattern.png,75283,745683b86c62e7952a76a07f547adf73ccac85f30e94ce04d5617a0db2f8e121
figures/cont6_distribution.png,39895,2b422cc19aeb9be34276532d8576f31211b580faf5e0aafaf7885ad8ed5d61aa
figures/cont7_bin_pattern.png,75250,05b7e8afe1224bf581289b698d5cdc3d32c22f0d1e2ec60ecabf96bc88b91867
figures/cont7_distribution.png,39667,8aad60971396afe9a9a617c0d6f2c83a92f23f83fc07fb9e6abc7612d4a50dec
figures/cont8_bin_pattern.png,68456,cc7befff277e9e4389dff428b0683655d7ef898bde022b0041e0016a7010d0ae
figures/cont8_distribution.png,39892,60d768284fe1a4d79b46d2fe13fee9a7eea7795bb3c5bb251f27c025a43614a5
figures/cont9_bin_pattern.png,76799,92fc8ceb1777a17d796ceda71d6a6349480ce472fa5e98da7d239825da519c75
figures/cont9_distribution.png,35651,e330406721bcc87638905682a174a2cff521c1e920aa823ce9390eb7a5758582
figures/predictor_pearson_heatmap.png,260190,be3c8a76dbdeb33dddbf501f3caffe3813d118e117e4b1014907ef11d047db30
method_and_source.json,972,aadc2619aeaaf35d272a47fae5fbbece8078eddb84a289860b91147aaf5039ee
predictor_pairs.csv,4773,627ab57adca0f97c93bf2184fc775a0e50c255b46f3b7501e079d50261436782
predictor_pearson_matrix.csv,3840,ef004648ac4c7343307a380d9f9f7a53c5fb41d6f2562ffedc4831685dd1ae02
target_correlations.csv,1330,ea9a9465476ed6c5d3521639136fba701c93158a264ec8c7a3203bb0686d6550
