field_1,field_2,pearson_r,absolute_r
cont11,cont12,0.9943841100222036,0.9943841100222036
cont1,cont9,0.9299117057620867,0.9299117057620867
cont6,cont10,0.8833505068489653,0.8833505068489653
cont6,cont13,0.8150910765208778,0.8150910765208778
cont1,cont10,0.8085508694335549,0.8085508694335549
cont6,cont9,0.7975435189948882,0.7975435189948882
cont9,cont10,0.7856967914962644,0.7856967914962644
cont6,cont12,0.7851439724373066,0.7851439724373066
cont6,cont11,0.7737454535517789,0.7737454535517789
cont1,cont6,0.7583153164367251,0.7583153164367251
cont7,cont11,0.7471079167884334,0.7471079167884334
cont7,cont12,0.7427122632499453,0.7427122632499453
cont10,cont12,0.7138119332651864,0.7138119332651864
cont10,cont13,0.7078763931019293,0.7078763931019293
cont10,cont11,0.7028955435077643,0.7028955435077643
cont6,cont7,0.6589182968091386,0.6589182968091386
cont9,cont13,0.6420276948884264,0.6420276948884264
cont9,cont12,0.6266564373275377,0.6266564373275377
cont1,cont12,0.6142254546728488,0.6142254546728488
cont9,cont11,0.6080004698114104,0.6080004698114104
cont1,cont11,0.5960897961424109,0.5960897961424109
cont1,cont13,0.5348495237416716,0.5348495237416716
cont4,cont8,0.5287402972174362,0.5287402972174362
cont7,cont10,0.49262070698937277,0.49262070698937277
cont12,cont13,0.4786766747105185,0.4786766747105185
cont8,cont13,0.476401585522033,0.476401585522033
cont11,cont13,0.46624666871578097,0.46624666871578097
cont2,cont3,0.45586092326947225,0.45586092326947225
cont8,cont9,0.45265752534351933,0.45265752534351933
cont1,cont3,-0.44543148634558954,0.44543148634558954
cont6,cont8,0.43743713137839263,0.43743713137839263
cont3,cont13,-0.4182025800950456,0.4182025800950456
cont3,cont9,-0.41705405292901127,0.41705405292901127
cont7,cont9,0.3843429121740852,0.3843429121740852
cont1,cont4,0.367549224481326,0.367549224481326
cont1,cont7,0.367384466459488,0.367384466459488
cont1,cont8,0.3611625221117593,0.3611625221117593
cont3,cont6,-0.3492777441070139,0.3492777441070139
cont3,cont4,-0.3416332046286757,0.3416332046286757
cont8,cont10,0.3365877193711841,0.3365877193711841
cont4,cont9,0.32896063918109697,0.32896063918109697
cont3,cont10,-0.3255620442545823,0.3255620442545823
cont8,cont12,0.31590415212123985,0.31590415212123985
cont8,cont11,0.3023805417676596,0.3023805417676596
cont7,cont13,0.2883949080726501,0.2883949080726501
cont4,cont10,0.28329422171050017,0.28329422171050017
cont5,cont7,-0.24934373085778402,0.24934373085778402
cont4,cont6,0.2209322921648817,0.2209322921648817
cont2,cont5,0.19142746013854828,0.19142746013854828
cont3,cont8,-0.18543231552104988,0.18543231552104988
cont4,cont13,0.17934192948808364,0.17934192948808364
cont4,cont5,0.163747694721437,0.163747694721437
cont5,cont11,-0.1515481914902333,0.1515481914902333
cont5,cont6,-0.1498104006786925,0.1498104006786925
cont5,cont12,-0.14821668189054477,0.14821668189054477
cont7,cont8,0.14204207923623532,0.14204207923623532
cont2,cont8,0.1374677737876136,0.1374677737876136
cont4,cont12,0.13045302744643694,0.13045302744643694
cont4,cont11,0.12092660758300071,0.12092660758300071
cont2,cont11,0.11682355284147328,0.11682355284147328
cont4,cont7,-0.11506356805997624,0.11506356805997624
cont2,cont12,0.10625016401767298,0.10625016401767298
cont3,cont7,0.09751599216147683,0.09751599216147683
cont3,cont5,0.08941735967198565,0.08941735967198565
cont5,cont9,-0.08820195753770195,0.08820195753770195
cont1,cont2,-0.08518029387715997,0.08518029387715997
cont5,cont13,-0.08291451726938674,0.08291451726938674
cont9,cont14,0.07415381447994186,0.07415381447994186
cont5,cont10,-0.06496683919111802,0.06496683919111802
cont2,cont10,0.06352639654732499,0.06352639654732499
cont1,cont14,0.056688374385408365,0.056688374385408365
cont12,cont14,0.050266579867928325,0.050266579867928325
cont2,cont7,0.04818715622287457,0.04818715622287457
cont13,cont14,0.04754275116367268,0.04754275116367268
cont11,cont14,0.04729287072139842,0.04729287072139842
cont2,cont14,-0.04558424851205817,0.04558424851205817
cont8,cont14,0.04353935038602511,0.04353935038602511
cont6,cont14,0.04217771657784682,0.04217771657784682
cont10,cont14,0.04180832249288768,0.04180832249288768
cont3,cont14,-0.0395923186259459,0.0395923186259459
cont2,cont4,0.0386931098530201,0.0386931098530201
cont2,cont9,-0.03272912884602226,0.03272912884602226
cont3,cont11,0.02527091278121448,0.02527091278121448
cont1,cont5,-0.025229955620215967,0.025229955620215967
cont2,cont13,0.023334652627748965,0.023334652627748965
cont7,cont14,0.0222859809578413,0.0222859809578413
cont5,cont14,-0.02163779514047803,0.02163779514047803
cont4,cont14,0.017445427109677173,0.017445427109677173
cont2,cont6,0.01586388673724419,0.01586388673724419
cont5,cont8,0.009014700138595818,0.009014700138595818
cont3,cont12,0.006110641572276829,0.006110641572276829
