predictor,level,row_count,mean_loss,median_loss,mean_log1p_loss,median_log1p_loss,is_rare
cat1,A,141550,3408.0915145178383,2458.6899999999996,7.809552709011222,7.807790604717265,False
cat1,B,46768,1915.19852056962,1444.8600000000001,7.311677753918878,7.276459579125284,False
cat2,A,106721,2454.1398437983153,1739.25,7.499184785480129,7.4617840600487755,False
cat2,B,81597,3800.104170741571,2833.99,7.930122819032462,7.949793688818771,False
cat3,A,177993,2902.2197510576257,2033.38,7.64791390068004,7.61794638315121,False
cat3,B,10325,5366.640013559322,4570.91,8.340880603590733,8.427686339681578,False
cat4,A,128395,2826.826831185015,1974.74,7.617179623257175,7.588698290703175,False
cat4,B,59923,3488.3922250221117,2457.71,7.833168456647892,7.807392101141857,False
cat5,A,123737,2814.648334855379,1947.07,7.609665069183168,7.574594417848441,False
cat5,B,64581,3464.009805980087,2464.84,7.831987805860841,7.8102877992186865,False
cat6,A,131693,3259.916396087871,2341.86,7.774948072666838,7.759127684268428,False
cat6,B,56625,2519.6854452980133,1637.5,7.478825512090114,7.401536468138869,False
cat7,A,183744,2908.94434169279,2073.635,7.659543829310299,7.6375405135745815,False
cat7,B,4574,8195.0785242676,7614.575,8.744973717320736,8.937950727891941,False
cat8,A,177274,2975.5585590103456,2070.73,7.666901132191204,7.63613928590328,False
cat8,B,11044,4028.9922401303875,3035.31,7.990990569336578,8.01839824055876,False
cat9,A,113122,2512.009126076272,1778.855,7.520554910959497,7.484287179289927,False
cat9,B,75196,3827.621973642215,2856.755,7.934657674853136,7.95779163053103,False
cat10,A,160213,2694.1355275789106,1902.69,7.584394375761731,7.551549386969438,False
cat10,B,28105,4993.767052481764,4089.17,8.26458477252811,8.31634181296523,False
cat11,A,168186,2810.9213719929126,1969.1350000000002,7.618744080069871,7.585857347299665,False
cat11,B,20132,4928.856368964832,3953.77,8.247001753684945,8.282677724224435,False
cat12,A,159825,2655.897436320976,1869.45,7.570621445483386,7.53393432261029,False
cat12,B,28493,5176.939968764258,4322.13,8.332578480027882,8.371734955924948,False
cat13,A,168851,2818.460441987314,1974.92,7.621679680841614,7.58878939165828,False
cat13,B,19467,4935.8141572918275,3943.1,8.243000737968323,8.279976070370669,False
cat14,A,186041,3004.308571175171,2099.37,7.677639463510351,7.649868798667986,False
cat14,B,2277,5735.962845849803,4478.24,8.361443884447727,8.40720866816091,False
cat15,A,188284,3037.267431645812,2115.39,7.6858692383610325,7.657467086014089,False
cat15,B,34,3426.3879411764706,2647.9,7.897867066121543,7.8806529940698145,True
cat16,A,181843,2932.6280914855124,2051.7,7.656553177668356,7.626911278723133,False
cat16,B,6475,5977.9873745173745,5199.6,8.510290605261755,8.556529282528611,False
cat17,A,187009,3018.2363248292863,2106.76,7.68115006767227,7.653381051187213,False
cat17,B,1309,5766.234851031321,4632.37,8.365575363249027,8.441039744088425,False
cat18,A,187331,3028.4992323747806,2110.12,7.683417438276155,7.65497389132981,False
cat18,B,987,4714.86179331307,3845.48,8.158519783288781,8.254913723353429,False
cat19,A,186510,3027.3069409683126,2108.88,7.682851579983033,7.654386352713834,False
cat19,B,1808,4072.091111725664,3069.015,8.001152086936525,8.029437634826632,False
cat20,A,188114,3034.3419256408347,2113.755,7.6850920141098085,7.656694245457119,False
cat20,B,204,5799.81024509804,4853.44,8.437902027274458,8.487563575740543,False
cat21,A,187905,3036.461993826668,2114.94,7.685631753395438,7.657254437188644,False
cat21,B,413,3435.7562711864407,2314.4,7.811371753139669,7.747337737771628,False
cat22,A,188275,3037.0614561678394,2115.39,7.68583616903998,7.657467086014089,False
cat22,B,43,4246.80534883721,2462.33,7.998289065451445,7.809269372093249,True
cat23,A,157445,2831.2413276382226,1973.44,7.620883995174589,7.588040092825138,False
cat23,B,30873,4088.380379619732,3068.2,8.017512082905881,8.02917222030351,False
cat24,A,181977,2987.4257185798206,2081.87,7.670738666116527,7.64150202932779,False
cat24,B,6341,4469.734789465384,3474.19,8.121230233705923,8.153404432763192,False
cat25,A,169969,2951.763318310986,2044.75,7.655589532376026,7.623519749407491,False
cat25,B,18349,3830.0233713008884,2811.01,7.966746630737141,7.941654809111999,False
cat26,A,177119,3001.3993590185128,2081.04,7.671182249992132,7.64110346128623,False
cat26,B,11199,3605.7241914456645,2696.47,7.918796519283881,7.9000695756617345,False
cat27,A,168250,3028.052370460624,2112.57,7.681782199545579,7.656133739829976,False
cat27,B,20068,3115.1857165636834,2139.0299999999997,7.720494124091729,7.668575121325069,False
cat28,A,180938,2965.1951838751397,2066.915,7.664640255441262,7.634296132242774,False
cat28,B,7380,4806.080231707317,3809.135,8.207324202816459,8.24541990010838,False
cat29,A,184593,3003.5051451571835,2096.08,7.676410080712567,7.648301179911957,False
cat29,B,3725,4713.914907382551,3679.46,8.15655439646755,8.210793023351128,False
cat30,A,184760,3017.7328358952154,2104.47,7.680042822032305,7.652293999103418,False
cat30,B,3558,4055.3792945474984,2989.26,7.990449510154044,8.00311561688925,False
cat31,A,182980,3031.111213356651,2109.59,7.684292907240823,7.654722808225344,False
cat31,B,5338,3250.7734113900333,2349.465,7.74125421298066,7.762368405546182,False
cat32,A,187107,3031.9235996515363,2111.04,7.683977591808047,7.6554095840407435,False
cat32,B,1211,3873.8475061932286,2886.85,7.9840923909070725,7.968267559605666,False
cat33,A,187361,3028.486762933588,2110.54,7.6835881938294035,7.655172818073324,False
cat33,B,957,4770.167084639499,3517.38,8.139982833590182,8.16575593538234,False
cat34,A,187734,3032.2243383191108,2112.36,7.684458339667285,7.656034376980082,False
cat34,B,584,4681.0862328767125,3547.045,8.151762357394867,8.17415064629376,False
cat35,A,188105,3035.27734270753,2114.28,7.685303133611187,7.656942470424755,False
cat35,B,213,4856.872018779342,3580.18,8.21964886330644,8.183447634024201,False
cat36,A,156313,2831.646554797106,1972.3,7.621222055673002,7.58746254717538,False
cat36,B,32005,4041.936896422434,3008.05,8.001832462659046,8.009379693308205,False
cat37,A,165729,3025.5396695810628,2100.03,7.67824573908679,7.650182979657861,False
cat37,B,22589,3123.896338483333,2233.02,7.742119751325956,7.71155793214055,False
cat38,A,169323,2944.27730013052,2031.72,7.652222345430272,7.617130076646733,False
cat38,B,18995,3866.885654119505,2886.87,7.986179887366506,7.968274485149148,False
cat39,A,183393,3029.637268434455,2107.55,7.683539835258869,7.653755786445885,False
cat39,B,4925,3324.0793340101523,2459.61,7.7740731265354155,7.808164565667229,False
cat40,A,180119,2959.775965722661,2065.38,7.663748113619737,7.6335535630665765,False
cat40,B,8199,4741.245410415904,3721.56,8.172714316226745,8.222166882628402,False
cat41,A,181177,2987.398415472163,2080.46,7.6705893064962964,7.640824849539501,False
cat41,B,7141,4304.36571488587,3280.98,8.074551515577232,8.096202177786253,False
cat42,A,186623,3031.9743241722613,2110.03,7.683727509536954,7.654931259021619,False
cat42,B,1695,3627.8548613569324,2719.88,7.925930468142622,7.908710636377453,False
cat43,A,184110,3016.3629148878385,2100.815,7.679271492403367,7.650556536120501,False
cat43,B,4208,3955.0337523764256,2876.495,7.976249213268261,7.964674008764922,False
cat44,A,172716,2995.4635541003727,2062.545,7.666041013328129,7.632180656419447,False
cat44,B,15602,3500.889314190488,2648.13,7.905832040625275,7.881986563012497,False
cat45,A,183991,3003.736869520792,2093.86,7.676082570255449,7.64724200434764,False
cat45,B,4327,4466.098435405593,3424.09,8.103679910318078,8.138883027723345,False
cat46,A,187436,3028.1084648626734,2110.245,7.683395731887473,7.655033099851155,False
cat46,B,882,4998.662210884354,3824.9449999999997,8.21969246457619,8.249559743167136,False
cat47,A,187617,3031.022527329613,2111.88,7.684175687598418,7.655807224711368,False
cat47,B,701,4727.5389158345215,3473.37,8.149416798379724,8.153168446598945,False
cat48,A,188049,3035.5637408866837,2113.99,7.685283854264837,7.6568053633368125,False
cat48,B,269,4277.443791821561,3222.68,8.121887156759138,8.07827884311723,False
cat49,A,179127,3020.376721208975,2108.41,7.6806919771178555,7.654163566515831,False
cat49,B,9191,3367.896567294092,2285.54,7.7875551485830155,7.734795036931534,False
cat50,A,137611,3231.7804930565144,2313.21,7.765649826070443,7.746823655580598,False
cat50,B,50707,2509.649808902124,1614.31,7.469499140955624,7.38728216770102,False
cat51,A,187071,3029.16784199582,2110.51,7.68339906241789,7.655158610332474,False
cat51,B,1247,4262.951820368885,3034.37,8.06221744205239,8.018088607100943,False
cat52,A,179505,3016.8080650678257,2106.89,7.68021306303906,7.653442726136529,False
cat52,B,8813,3455.489228412572,2345.38,7.801893257119036,7.76062899393104,False
cat53,A,172949,2995.085321337504,2079.27,7.669582819626963,7.640252971963382,False
cat53,B,15369,3512.8080584293057,2547.67,7.869611040676225,7.843326933460791,False
cat54,A,183762,3033.420964998204,2115.385,7.685102906355191,7.657464723494982,False
cat54,B,4556,3195.3149517120282,2119.535,7.7183605966141275,7.659423672300498,False
cat55,A,188173,3036.1642069797476,2114.49,7.685508545481066,7.65704174313406,False
cat55,B,145,4560.213586206896,3580.65,8.203666393157542,8.183578867070546,True
cat56,A,188136,3036.2174214929623,2114.4849999999997,7.6854976480178125,7.657039379609856,False
cat56,B,182,4195.370769230769,3368.23,8.109591474380839,8.122439273518019,True
cat57,A,185296,2919.869698644331,2081.9300000000003,7.662956711535278,7.641530835307914,False
cat57,B,3022,10239.967772998014,9532.34,9.093151666173306,9.162550387579932,False
cat58,A,188079,3033.4903597956177,2113.63,7.685000950768947,7.65663513527809,False
cat58,B,239,6064.957782426778,4663.13,8.399319398091471,8.447656600712207,False
cat59,A,188018,3032.3965407035494,2113.2700000000004,7.684743446951349,7.6564648782256555,False
cat59,B,300,6134.085,4807.255,8.41545915639348,8.478089370233103,False
cat60,A,187872,3035.220635805229,2113.91,7.685188557686548,7.656767537338762,False
cat60,B,446,3929.1188340807175,3043.385,7.988758847823914,8.02104764380374,False
cat61,A,187596,3031.8755710676132,2111.285,7.684220124054883,7.655525578901157,False
cat61,B,722,4456.5493905817175,3435.96,8.12433900777946,8.142342626835916,False
cat62,A,188273,3036.680964875473,2115.29,7.6857442632244615,7.657419834627252,False
cat62,B,45,5784.955333333333,3552.94,8.368921905722063,8.175812126186043,True
cat63,A,188239,3036.9642400883986,2115.32,7.68581655750119,7.657434010277737,False
cat63,B,79,3927.173417721519,2888.95,7.902635295570615,7.96899447991875,True
cat64,A,188271,3036.347945780285,2115.18,7.6857020251299994,7.65736785552284,False
cat64,B,47,7002.0040425531915,5099.53,8.509046437583304,8.537099734881572,True
cat65,A,186056,3017.1358310938645,2103.63,7.6802387193469634,7.651894958683994,False
cat65,B,2262,4698.998275862069,3651.5550000000003,8.152182134835579,8.203182193234834,False
cat66,A,179982,3001.270972375015,2086.33,7.67410503838878,7.6436410162830795,False
cat66,B,8336,3816.051600287908,2855.365,7.940733941521986,7.957305088491822,False
cat67,A,187626,3030.2036088814984,2111.865,7.684069755350204,7.655800125368689,False
cat67,B,692,4971.641575144509,3850.045,8.184189650981681,8.256097894679717,False
cat68,A,188176,3036.228232346314,2115.32,7.685729047595333,7.657434010277737,False
cat68,B,142,4507.56647887324,2683.205,7.922407714909616,7.895133242775046,True
cat69,A,188011,3035.361300296259,2113.6,7.685202937614608,7.656620948298426,False
cat69,B,307,4247.703127035831,3302.07,8.1173995177744,8.102607618021205,False
cat70,A,188295,3037.347945404817,2115.5,7.685897317868776,7.657519059960978,False
cat70,B,23,2953.3439130434786,2351.49,7.769377726754773,7.763229620653475,True
cat71,A,178646,2994.279637663312,2097.025,7.675909124020163,7.648751704992988,False
cat71,B,9672,3832.6383519437554,2544.31,7.870582070524249,7.842007717887936,False
cat72,A,118322,2527.5614649008635,1816.95,7.537134027012691,7.50546477136688,False
cat72,B,69996,3899.068955940339,2873.585,7.9373958342136826,7.963663594549036,False
cat73,A,154275,3248.6214265435096,2302.83,7.75485363724241,7.742328234371333,False
cat73,B,34017,2077.681825557809,1530.89,7.372881533393803,7.334257546156101,False
cat73,C,26,4914.809615384615,3538.62,8.129813414879433,8.17176796306697,True
cat74,A,184731,3028.714006907341,2109.7,7.683171295156362,7.6547749250065715,False
cat74,B,3561,3470.99298792474,2497.67,7.824610918702547,7.823513869294082,False
cat74,C,26,4914.809615384615,3538.62,8.129813414879433,8.17176796306697,True
cat75,A,154307,3142.1058881321,2148.91,7.706995435568801,7.673181259780418,False
cat75,B,34010,2561.945274037048,1983.68,7.590206943732205,7.593212970943458,False
cat75,C,1,4666.24,4666.24,8.448323169525823,8.448323169525823,True
cat76,A,181347,2976.8011205589282,2082.3,7.669982632793842,7.641708453934336,False
cat76,B,6183,4864.522917677503,3607.17,8.18513983207538,8.190955997589148,False
cat76,C,788,2632.056192893401,1491.565,7.4335927218650335,7.308251302033858,False
cat77,A,49,3226.7236734693874,1945.61,7.712341511249209,7.573844677141429,True
cat77,B,358,1912.4551117318438,1206.1950000000002,7.153311306175106,7.096052680898882,False
cat77,C,408,3282.2006862745097,1947.9450000000002,7.677336558910348,7.575023709537559,False
cat77,D,187503,3038.90312165672,2118.25,7.686936143198346,7.6588175314885145,False
cat78,A,788,2616.591535532995,1486.8400000000001,7.427707077518928,7.305078873760571,False
cat78,B,186526,3026.3615664840286,2111.815,7.683850243397944,7.655776460471207,False
cat78,C,645,5050.549131782946,3892.64,8.203308686331777,8.26709973173543,False
cat78,D,359,6046.691977715877,4927.44,8.39195926463204,8.502777786941909,False
cat79,A,7064,2718.4069691392974,1932.0900000000001,7.586505788798498,7.566875033045852,False
cat79,B,152929,2469.844946478431,1858.84,7.542180414899326,7.5282457415018085,False
cat79,C,1668,4086.9942805755395,3264.555,8.02644231019652,8.091184293296841,False
cat79,D,26657,6311.83205837116,5440.81,8.515490858693672,8.601867005099004,False
cat80,A,783,2621.2236270753515,1489.67,7.4288734225148385,7.306980962300282,False
cat80,B,46538,5453.62125230994,4568.17,8.363332742136397,8.427086847272884,False
cat80,C,3492,3890.750094501718,3143.245,8.017432419329015,8.053329075172794,False
cat80,D,137505,2200.253190938511,1695.59,7.449680157842602,7.43637563321504,False
cat81,A,788,2616.591535532995,1486.8400000000001,7.427707077518928,7.305078873760571,False
cat81,B,24132,4816.168605171557,3866.87,8.21964313910567,8.260459244097326,False
cat81,C,9013,4718.471941639854,3565.14,8.151768167699718,8.17923905732715,False
cat81,D,154385,2663.290577258153,1889.23,7.576599949803129,7.544453793771374,False
cat82,A,19322,3163.145966256081,2200.16,7.712031750536273,7.696739705406749,False
cat82,B,147536,3150.0479540586703,2204.9799999999996,7.719089224505758,7.6989271335789375,False
cat82,C,2655,3258.3722297551785,2279.57,7.76525205469811,7.732180690703694,False
cat82,D,18805,1992.5870093060357,1586.18,7.387533190111663,7.369714135644766,False
cat83,A,26038,3082.327530148245,2136.02,7.691841210626482,7.667167613489019,False
cat83,B,141534,3068.115140037023,2130.13,7.694492074193674,7.66440763428516,False
cat83,C,4958,3106.7593142396126,2191.675,7.715162707387422,7.692877538035965,False
cat83,D,15788,2665.429006207246,1957.6799999999998,7.589976677309987,7.580026054898759,False
cat84,A,29450,2759.7057816638367,1931.46,7.609797185012405,7.566549080585874,False
cat84,B,431,4470.943828306265,3092.25,8.054513850688382,8.036977597094085,False
cat84,C,154939,3075.8894897992113,2142.99,7.696182319781822,7.670423858000711,False
cat84,D,3498,3490.5101686678104,2497.425,7.826162419347865,7.823415703607955,False
cat85,A,788,2616.591535532995,1486.8400000000001,7.427707077518928,7.305078873760571,False
cat85,B,186005,3016.017262277896,2107.35,7.681288855333383,7.653660930034706,False
cat85,C,1011,5762.211414441148,4607.67,8.362693404447183,8.435694591111828,False
cat85,D,514,6038.127529182879,4932.485000000001,8.421948269551827,8.503800445462922,False
cat86,A,1589,4375.607709251101,2685.52,7.926466396298878,7.896001954771725,False
cat86,B,103852,3042.2350894542233,2124.605,7.687502103155792,7.6618117466506765,False
cat86,C,10290,2567.642617103985,1871.0349999999999,7.558457870008846,7.5347813448800025,False
cat86,D,72587,3067.619223827958,2132.39,7.696427406460818,7.665467542826876,False
cat87,A,788,2616.591535532995,1486.8400000000001,7.427707077518928,7.305078873760571,False
cat87,B,166992,2667.135706381144,1934.57,7.590343507310945,7.56815713571565,False
cat87,C,8819,5969.474561741694,4967.84,8.43893407568787,8.510941691446147,False
cat87,D,11719,6134.3427015956995,5270.12,8.498344175473258,8.569998142674606,False
cat88,A,168926,3032.025333341226,2105.615,7.68106088907068,7.652837672852771,False
cat88,B,7,3228.7985714285714,3383.09,7.885343406421037,8.126840316117134,True
cat88,D,19302,3084.6465008807377,2207.1,7.728208427566321,7.6998876955701885,False
cat88,E,83,2831.3069879518075,2140.93,7.69593898714474,7.669462570735138,True
cat89,A,183744,2908.94434169279,2073.635,7.659543829310299,7.6375405135745815,False
cat89,B,4312,8213.293627087198,7666.925,8.746934526710852,8.944801323055051,False
cat89,C,220,7803.455545454545,6860.18,8.706386016088787,8.833634703050109,False
cat89,D,33,8898.260909090908,7238.85,8.832259921429008,8.887355766933092,True
cat89,E,5,3244.568,3032.37,8.071618556716327,8.01742949167586,True
cat89,G,1,3666.93,3666.93,8.207382749224788,8.207382749224788,True
cat89,H,1,18646.37,18646.37,9.833460396361124,9.833460396361124,True
cat89,I,2,9814.04,9814.04,8.729833485994751,8.729833485994751,True
cat90,A,177993,2902.2197510576257,2033.38,7.64791390068004,7.61794638315121,False
cat90,B,9515,5302.007737256962,4530.23,8.330282266414635,8.41874870480014,False
cat90,C,728,6116.2280494505485,5240.12,8.461988512878024,8.564289971994178,False
cat90,D,70,6060.263,5637.195,8.470952369859369,8.637187196636706,True
cat90,E,6,5872.208333333333,5456.67,8.475732398904235,8.55933980467848,True
cat90,F,4,7565.1900000000005,7660.610000000001,8.83702562707192,8.9424599553514,True
cat90,G,2,9814.04,9814.04,8.729833485994751,8.729833485994751,True
cat91,A,111028,2968.8541332816944,2049.185,7.656132112616187,7.625685311936392,False
cat91,B,42630,3103.5065805770582,2230.91,7.732133859441174,7.710612999615752,False
cat91,C,6400,4864.9663921875,3957.115,8.178296705951375,8.283523180683902,False
cat91,D,1149,5086.299869451697,3974.15,8.21953130470214,8.28781776222551,False
cat91,E,254,5537.82,4484.235,8.343157334925047,8.408524723091926,False
cat91,F,97,5747.867525773196,5145.5,8.376321482329022,8.546072150966614,True
cat91,G,26734,2655.2352102191967,1891.705,7.585862491413705,7.545762301180432,False
cat91,H,26,4914.809615384615,3538.62,8.129813414879433,8.17176796306697,True
cat92,A,124689,3041.3819373802016,2083.84,7.673940347010737,7.642447392679231,False
cat92,B,628,4045.4543152866245,2818.83,7.954699149424389,7.9444318565379675,False
cat92,C,62,5761.742903225806,4586.845,8.231321442811018,8.431163451876694,True
cat92,D,11,6784.23090909091,3920.1,8.335967199483703,8.274127505665154,True
cat92,F,1,1084.57,1084.57,6.989860473650979,6.989860473650979,True
cat92,H,62901,3015.1701303635873,2170.7,7.706122789520789,7.683265549967206,False
cat92,I,26,4914.809615384615,3538.62,8.129813414879433,8.17176796306697,True
cat93,A,432,1643.553148148148,1221.7849999999999,7.1198266493703795,7.108876188827637,False
cat93,B,1133,2869.2075022065314,2094.81,7.6610423653224,7.647695392477115,False
cat93,C,35788,3118.6908611825193,2176.275,7.705597650287209,7.685829373878845,False
cat93,D,150237,3020.311462888636,2104.92,7.682316120263083,7.652507705267754,False
cat93,E,728,3640.5074725274726,2534.4750000000004,7.8337216688664455,7.838133840458367,False
cat94,A,738,1717.991734417344,1412.775,7.2398130921528026,7.254018639139282,False
cat94,B,51710,2609.7320674917814,2011.99,7.601346970038536,7.6073764579175664,False
cat94,C,13623,2925.9785429053804,2122.41,7.681688227218723,7.660778565996659,False
cat94,D,121642,3246.086086960096,2179.835,7.727338329726859,7.6874631099461,False
cat94,E,91,1256.722087912088,1110.65,7.005239624705918,7.013600677065478,True
cat94,F,494,1801.7843319838055,1402.305,7.2491404409310904,7.246585444422891,False
cat94,G,20,2139.1265,1925.245,7.550863270589041,7.561482715219851,True
cat95,A,3736,3530.3094218415417,2235.145,7.762633641610821,7.712508564560656,False
cat95,B,109,1820.938623853211,1631.0,7.323951858774318,7.397561535524052,True
cat95,C,87531,3117.471229050279,2161.46,7.709242818446789,7.679001741525134,False
cat95,D,79525,2990.93260949387,2088.13,7.671977108068641,7.644502990352722,False
cat95,E,17417,2748.3694126428204,1987.68,7.618046073234625,7.5952263810438465,False
cat96,A,35,1671.250857142857,1276.72,7.103790106608544,7.152832518601481,True
cat96,B,2957,3768.8838958403785,2591.36,7.891430362465656,7.860323936716886,False
cat96,C,24,4320.787499999999,2514.6949999999997,7.98718107865598,7.824574125133381,True
cat96,D,7922,2889.674623832366,2021.83,7.647484086381139,7.612252746795404,False
cat96,E,174360,3029.678285788025,2112.88,7.6840228210078605,7.656280400391396,False
cat96,F,343,2235.9202332361515,1894.6,7.517641194097359,7.547290690093433,False
cat96,G,2665,3272.903069418386,2111.28,7.721862587359311,7.655523211796339,False
cat96,I,12,3555.0275,2051.485,7.7119871880613005,7.621865333602121,True
cat97,A,41970,3012.5308718132,2063.105,7.675639408654097,7.632451997256775,False
cat97,B,34,3664.933529411765,3059.125,7.964238037491886,8.025692260298802,True
cat97,C,78127,3103.712921909199,2129.01,7.693990516468488,7.663881953528131,False
cat97,D,3779,2968.557793066949,2194.13,7.686772942605727,7.693996549268038,False
cat97,E,47450,2961.1030476290834,2146.7299999999996,7.684955285784686,7.672166749393197,False
cat97,F,213,4203.008544600939,2569.94,7.89906666998043,7.852026869770702,False
cat97,G,16745,3005.2726234696925,2086.69,7.673157332929211,7.643813470547199,False
cat98,A,105492,3062.414535035832,2131.565,7.691100700629979,7.665080759423136,False
cat98,B,542,2385.891881918819,1836.54,7.535678219688023,7.5161727736257955,False
cat98,C,21485,3096.0500162904355,2225.47,7.734442856985494,7.708172650608551,False
cat98,D,50557,3062.9720669739104,2097.67,7.682049300315875,7.649059089737906,False
cat98,E,10242,2563.8212624487405,1869.525,7.557598827522452,7.533974418934146,False
cat99,C,310,5719.515161290323,3068.165,8.05400598334194,8.029059463515981,False
cat99,D,8844,3403.8957372229756,2357.275,7.78470497191409,7.765685626539378,False
cat99,E,1034,3964.889941972921,2479.31,7.85979236082887,7.816138830363749,False
cat99,F,2702,3364.0043671354556,2138.39,7.725452991843439,7.668275919975846,False
cat99,G,19,1362.9094736842105,1180.53,7.084773972907283,7.07456548775615,True
cat99,H,93,1894.659569892473,1543.32,7.3048643813650065,7.342338962996612,True
cat99,I,38,1816.1805263157894,1766.425,7.344683328061476,7.477278914752645,True
cat99,J,245,4408.55,3141.51,8.046481419534139,8.052777122639133,False
cat99,K,2703,3122.1727450980393,2302.43,7.734053098534641,7.742154595375051,False
cat99,M,52,1991.7725,1627.03,7.396193858746657,7.394875139302492,True
cat99,N,2894,3093.8004388389772,2193.88,7.708961573173156,7.6938825810779194,False
cat99,O,3,936.6033333333335,1106.18,6.789099765783621,7.009571521116442,True
cat99,P,79455,2993.899861556856,2089.68,7.672718087411505,7.645244650892818,False
cat99,R,10290,2567.642617103985,1871.0349999999999,7.558457870008846,7.5347813448800025,False
cat99,S,7045,2989.176400283889,2177.44,7.701040447915985,7.686364303291593,False
cat99,T,72591,3067.9923586946043,2132.51,7.696524134752452,7.665523789750888,False
cat100,A,9402,1746.2421697511168,1281.935,7.214665199340859,7.156905699113737,False
cat100,B,6608,3090.5893341404358,2310.51,7.77252861774675,7.745656243327689,False
cat100,C,836,4835.537141148325,3665.085,8.163490456703244,8.206879603114793,False
cat100,D,553,2253.6821338155514,1743.03,7.456168729667438,7.463953806155837,False
cat100,E,26,4914.809615384615,3538.62,8.129813414879433,8.17176796306697,True
cat100,F,42970,3200.0989397253898,2325.085,7.77456468249285,7.751941875775343,False
cat100,G,12935,4678.556561267877,3636.05,8.160751834485213,8.198928192486663,False
cat100,H,10776,3906.7548997772824,2932.415,7.985849299882466,7.983922552202063,False
cat100,I,39933,1970.402508702076,1470.68,7.331561439746036,7.294159884351559,False
cat100,J,12027,2063.532037914692,1416.12,7.324712366060326,7.256381922061273,False
cat100,K,13817,2772.5496974741263,1852.56,7.5715224488394,7.524863393256492,False
cat100,L,19961,4005.5817143429686,3315.15,8.032956180159267,8.106559750455265,False
cat100,M,5185,4767.290925747348,3822.92,8.147625925232246,8.249031353450363,False
cat100,N,7592,3055.7959641728135,2318.205,7.755544172373151,7.748979733518631,False
cat100,O,5697,3496.4890345796034,2388.8,7.793879157343115,7.778964959415654,False
cat101,A,106721,2454.1398437983153,1739.25,7.499184785480129,7.4617840600487755,False
cat101,B,3,1292.02,936.81,7.050067803330088,6.843547369853059,True
cat101,C,16971,2778.2836379706555,1912.24,7.601874740715703,7.556553418967891,False
cat101,D,17171,2812.9903057480637,1927.96,7.611483498667732,7.564736276558021,False
cat101,E,7,4458.574285714286,3426.28,7.950292024761749,8.139522222651395,True
cat101,F,10139,3560.151861130289,2723.55,7.91507061758304,7.910058555845948,False
cat101,G,10944,3450.680946637427,2644.12,7.8926588494892265,7.880471706673684,False
cat101,H,1,1320.72,1320.72,7.186689197676208,7.186689197676208,True
cat101,I,6690,4590.935254110613,3804.7250000000004,8.219957779355875,8.244261790716179,False
cat101,J,7259,4603.863789778206,3825.63,8.229963697277396,8.249739799278007,False
cat101,K,2,3240.165,3240.165,7.770536512968291,7.770536512968291,True
cat101,L,3173,5321.419555625591,4558.45,8.389817056678819,8.424957281198886,False
cat101,M,3669,5540.2927664213685,4627.24,8.428385705863107,8.43993194522308,False
cat101,N,1,2192.72,2192.72,7.693354011906994,7.693354011906994,True
cat101,O,2493,6870.387172081829,5970.22,8.658291425164874,8.694706540617865,False
cat101,Q,2762,7057.4702643012315,6016.505,8.68442116181996,8.702427999017104,False
cat101,R,138,8564.376594202899,7287.925,8.873095615232717,8.894099069993562,True
cat101,S,173,8993.138439306358,8280.08,8.945266643703185,9.021728673656037,True
cat101,U,1,15972.49,15972.49,9.678685752086478,9.678685752086478,True
cat102,A,177274,2975.5585590103456,2070.73,7.666901132191204,7.63613928590328,False
cat102,B,5155,4018.6318874878757,3006.97,7.984466750309986,8.00902071161574,False
cat102,C,4929,3914.580137959018,2978.93,7.969332408652943,7.9996550892906715,False
cat102,D,449,4615.829376391982,3551.57,8.13995087318875,8.175426564210623,False
cat102,E,482,4529.677510373444,3391.335,8.100461334290657,8.129273736855637,False
cat102,F,12,5688.412499999999,5351.88,8.352116665797286,8.54570363445418,True
cat102,G,15,8334.852666666668,6677.43,8.843255274597508,8.806638208966707,True
cat102,H,1,18646.37,18646.37,9.833460396361124,9.833460396361124,True
cat102,J,1,17435.36,17435.36,9.766312960082509,9.766312960082509,True
cat103,A,123737,2814.648334855379,1947.07,7.609665069183168,7.574594417848441,False
cat103,B,33342,3078.8902804270892,2064.615,7.689342592894216,7.633183281219395,False
cat103,C,16508,3447.5018433486794,2477.8050000000003,7.8542285559098355,7.815531862899629,False
cat103,D,7806,4029.012131693569,3063.58,8.043700532503859,8.027665769520583,False
cat103,E,4473,4349.91779342723,3379.92,8.145925489031017,8.125903140789376,False
cat103,F,1528,5009.336590314136,4092.255,8.315925106267857,8.317095694303262,False
cat103,G,550,5712.691854545455,4566.67,8.417768103399546,8.42675631219226,False
cat103,H,190,5983.009473684211,4989.425,8.484402099345298,8.515263397429958,False
cat103,I,109,7276.575963302753,6280.68,8.650827237294624,8.745392739609807,True
cat103,J,45,7106.018888888889,6046.6,8.661105123639334,8.707416778106046,True
cat103,K,11,6249.808181818182,6497.98,8.433916272038436,8.779400520493091,True
cat103,L,17,6675.83,5886.72,8.656159861436068,8.680624104930143,True
cat103,N,2,2836.435,2836.435,7.463786855592435,7.463786855592435,True
cat104,A,68,3527.34,2190.955,7.767226926764236,7.692269430292928,True
cat104,B,43,3195.70976744186,2594.26,7.806797486662883,7.861441983259265,True
cat104,C,6949,2847.1126737660093,2108.58,7.649923301463878,7.654244154523906,False
cat104,D,27611,2970.460094889718,2191.84,7.694529288243091,7.692952786339896,False
cat104,E,42925,2981.0809421083286,2076.6,7.669906131897342,7.638968660348539,False
cat104,F,19228,3068.3329233409613,2111.2200000000003,7.68304618451507,7.655494805350596,False
cat104,G,40660,3117.23777004427,2118.17,7.6930121835684195,7.658779781527733,False
cat104,H,17187,2767.820460813405,1968.41,7.617243808765975,7.585489284489446,False
cat104,I,10919,3014.904157889917,2081.42,7.673414002214864,7.6412859579369625,False
cat104,J,3138,3330.961504142766,2199.005,7.757148431695603,7.696214910456952,False
cat104,K,14297,3173.2300167867384,2157.31,7.727213676250356,7.6770807870303805,False
cat104,L,3486,3683.609644291452,2527.54,7.855454696774724,7.835397322775512,False
cat104,M,1156,4167.185519031142,2575.6099999999997,7.937415065705725,7.854229647868723,False
cat104,N,153,3861.0956209150327,2557.33,7.840024523237744,7.847109980854843,True
cat104,O,409,3089.3257457212712,2413.27,7.78927948414319,7.789152242958929,False
cat104,P,86,3035.8196511627907,2503.9449999999997,7.7703199989892,7.826011764782782,True
cat104,Q,3,4747.946666666667,3333.34,8.28603084134587,8.112030037715252,True
cat105,A,77,3015.3992207792207,1880.77,7.6175868458305676,7.539968102262571,True
cat105,B,5,1236.3380000000002,1201.95,7.092135478767469,7.092532152351156,True
cat105,C,275,2794.335927272727,2099.17,7.617017226752813,7.649773572816,False
cat105,D,12172,2612.9226298061126,1919.475,7.57482864882643,7.5603278227711925,False
cat105,E,76493,2861.3099895415266,2075.47,7.6537257033721176,7.638424615579013,False
cat105,F,62892,3071.0210373338423,2141.87,7.698290203831135,7.669901331000146,False
cat105,G,20613,3226.280348809004,2132.86,7.716363764680025,7.665687825211036,False
cat105,H,11258,3430.475048854148,2232.97,7.764303379757888,7.711535550711763,False
cat105,I,2941,4356.198208092485,2793.65,7.95244901391043,7.9354621541344725,False
cat105,J,694,5340.362507204611,3237.865,8.131244094146401,8.082974676592054,False
cat105,K,486,5147.148744855967,2902.585,8.063945787803108,7.973697388522056,False
cat105,L,145,6631.49475862069,3805.29,8.310975557748291,8.244410240434187,True
cat105,M,171,6275.504035087719,3519.23,8.24576314423989,8.16628160736661,True
cat105,N,64,7031.06546875,5558.05,8.561590334544137,8.62316320646614,True
cat105,O,9,6625.501111111112,4313.53,8.428101423211245,8.36974367522121,True
cat105,P,15,22600.972,4069.65,8.73199384021139,8.311557970844834,True
cat105,Q,4,12335.162499999999,5433.785,8.640569268914591,8.431783495315823,True
cat105,R,2,15316.645,15316.645,9.08350928943931,9.08350928943931,True
cat105,S,1,3637.2,3637.2,8.199244332828115,8.199244332828115,True
cat105,T,1,51383.04,51383.04,10.847082897389763,10.847082897389763,True
cat106,A,75,3259.5108,2003.69,7.7322344311834525,7.603244714320441,True
cat106,B,9,3540.1299999999997,2211.29,7.833435770173525,7.70178345712311,True
cat106,C,129,6771.240542635659,3183.76,8.146328964859828,8.066132211948856,True
cat106,D,1934,4462.236458117891,2741.5150000000003,7.996187479798901,7.916630661515163,False
cat106,E,13000,3538.7423969230767,2281.435,7.795512480823774,7.732998110999992,False
cat106,F,36143,3278.1418116924438,2201.74,7.7391735524645435,7.6974573189567135,False
cat106,G,47165,2928.131985582529,2046.08,7.65375471337278,7.624169666480428,False
cat106,H,37713,2912.657092249357,2051.82,7.655449664311683,7.626969736604247,False
cat106,I,21433,2815.5252535809263,2015.21,7.630396403654013,7.608974790432955,False
cat106,J,18281,3010.036765494229,2221.7,7.704741583864067,7.7064779520907205,False
cat106,K,7958,2785.64882005529,2165.16,7.655864024990944,7.680711293545004,False
cat106,L,2971,2660.348882531134,1994.26,7.6015849832214935,7.598529646646829,False
cat106,M,1176,2941.4861564625853,2191.84,7.697258877236368,7.692952782180635,False
cat106,N,231,2591.4112987012986,2028.74,7.594484723270883,7.615662985015307,False
cat106,O,66,2319.965909090909,1961.1100000000001,7.50731953039265,7.581676760938734,True
cat106,P,2,759.425,759.425,6.608262154355937,6.608262154355937,True
cat106,R,32,3546.8984375,2844.31,7.923109097343134,7.952591683337289,True
cat107,A,75,3259.5108,2003.69,7.7322344311834525,7.603244714320441,True
cat107,B,2,19845.899999999998,19845.899999999998,9.178747218690361,9.178747218690361,True
cat107,C,213,2076.430704225352,1553.98,7.2975067995775165,7.349217962794287,False
cat107,D,3225,2636.230164341085,1817.15,7.532811839712172,7.505574779584631,False
cat107,E,12521,2871.4291749860236,1971.56,7.623121219826776,7.587087470508354,False
cat107,F,47310,3072.6211885436483,2098.4849999999997,7.683402628603026,7.649447355197358,False
cat107,G,28560,3149.791914565826,2233.975,7.73229718256607,7.71198532130028,False
cat107,H,23461,3124.0431528920335,2254.84,7.735215437550863,7.721277688117051,False
cat107,I,20066,2913.9882148908605,2059.32,7.659638323460932,7.630616589478358,False
cat107,J,22405,3084.531565721937,2103.27,7.6878437782006985,7.651723892620594,False
cat107,K,20236,2946.549609112473,2038.5549999999998,7.656219487535613,7.620486919702918,False
cat107,L,6976,3003.2061697247705,2150.3599999999997,7.686102872568467,7.673855478751326,False
cat107,M,2067,3074.337929366231,2318.36,7.706732623864296,7.74904656453445,False
cat107,N,797,3053.982032622334,2275.71,7.725901130198093,7.7304866973905515,False
cat107,O,125,2950.61352,2471.53,7.708960161383257,7.812997196891407,True
cat107,P,100,3138.6722999999997,2389.165,7.676816223591439,7.778768474464546,True
cat107,Q,140,2985.1141428571427,2211.245,7.605162614828336,7.701700250943973,True
cat107,R,5,3063.068,3061.6,7.894241278112064,8.027019507381107,True
cat107,S,2,5553.495,5553.495,8.622301079871907,8.622301079871907,True
cat107,U,32,3546.8984375,2844.31,7.923109097343134,7.952591683337289,True
cat108,A,9299,2985.5236143671364,2189.2,7.694958650184706,7.691748142841659,False
cat108,B,65512,2835.619131914764,2041.21,7.639236792167926,7.621787833741545,False
cat108,C,520,2365.833115384615,1847.03,7.528615176469976,7.521874790066801,False
cat108,D,19160,3719.431096033403,2378.755,7.825653677825917,7.774752818810731,False
cat108,E,7968,3771.1030860943774,2416.935,7.84487699182249,7.790669146764635,False
cat108,F,10242,2563.8212624487405,1869.525,7.557598827522452,7.533974418934146,False
cat108,G,21421,3094.658479062602,2225.51,7.734298609539728,7.7081906161058145,False
cat108,H,4305,3878.6507781649243,2478.45,7.860309140822835,7.815792040369947,False
cat108,I,7243,2969.863907220765,2174.46,7.695941055666051,7.684995415413901,False
cat108,J,213,4203.008544600939,2569.94,7.89906666998043,7.852026869770702,False
cat108,K,42435,2928.250686225993,2041.16,7.65102097054131,7.621763350209411,False
cat109,A,52,2252.565192307692,1839.025,7.498753633154093,7.517115269149767,True
cat109,AA,14,2418.3342857142857,1872.33,7.6288729768341295,7.5296397760279135,True
cat109,AB,21933,2609.7275730634206,2048.22,7.613628323278711,7.6252145119237245,False
cat109,AE,52,2882.0209615384615,2651.245,7.734345747384633,7.883161726547399,True
cat109,AF,8,1452.7275,1456.64,7.135111693191835,7.26539853787145,True
cat109,AG,1,1150.72,1150.72,7.049011756157492,7.049011756157492,True
cat109,AH,55,2108.246727272727,1805.13,7.489482896733662,7.498941713667615,True
cat109,AI,18,1527.1244444444446,1525.75,7.250010793357337,7.329364067847138,True
cat109,AJ,50,1975.3736,1889.2649999999999,7.417226717280254,7.543375229470022,True
cat109,AK,1,544.06,544.06,6.300895880346712,6.300895880346712,True
cat109,AL,151,2319.1014569536424,1922.66,7.50261147417549,7.56198490043297,True
cat109,AM,52,1605.5507692307692,1563.965,7.232668013226225,7.355617062751136,True
cat109,AN,17,1522.1523529411766,1528.08,7.2040456151729995,7.3324215263392665,True
cat109,AO,2,866.18,866.18,6.649361947896434,6.649361947896434,True
cat109,AP,7,1084.1585714285713,1132.76,6.903264282262661,7.033294821677107,True
cat109,AQ,57,1939.4750877192982,1640.39,7.37860377015496,7.4032987228168725,True
cat109,AR,208,2923.4834615384616,2549.95,7.76889592462235,7.844181488384358,False
cat109,AS,159,2669.9440251572328,1898.61,7.602170764227896,7.549403880927271,True
cat109,AT,200,3003.6402999999996,2673.63,7.773580679458289,7.891002759542895,False
cat109,AU,22,2677.7054545454544,2024.915,7.6825840523488065,7.613773834141574,True
cat109,AV,6,1959.705,1841.975,7.38661683991264,7.517212696323921,True
cat109,AW,74,2063.627027027027,1867.425,7.483145168292045,7.532838627874705,True
cat109,AX,54,1646.7096296296297,1410.35,7.269940781643554,7.251969275954517,True
cat109,AY,9,2495.366666666667,2216.07,7.657004450323752,7.703941783317226,True
cat109,B,1,759.84,759.84,6.634423086084641,6.634423086084641,True
cat109,BA,33,2848.4166666666665,2424.76,7.737714289182078,7.7939001563332715,True
cat109,BB,14,3510.847142857143,3730.68,8.076171876910045,8.224344838450723,True
cat109,BC,14,1793.9635714285712,1756.46,7.412373722266432,7.4716197690252715,True
cat109,BD,43,1965.152558139535,1878.0,7.3869689712524,7.538494999413465,True
cat109,BE,5,1700.2900000000002,1614.7,7.33649002880218,7.387523578282785,True
cat109,BF,1,2887.44,2887.44,7.968471842978575,7.968471842978575,True
cat109,BG,3,3268.263333333334,3885.06,8.034748288026575,8.265151069859362,True
cat109,BH,257,2315.3504280155644,1930.47,7.536485293879487,7.566036650015742,False
cat109,BI,152918,3146.284931531932,2141.13,7.707119698091231,7.669555940109118,False
cat109,BJ,22,2541.0,1626.795,7.522486853547353,7.388269141957357,True
cat109,BK,15,1694.0266666666669,1543.67,7.332040456424351,7.342565574284767,True
cat109,BL,122,1997.1469672131147,1690.835,7.400121789111643,7.4332892347989095,True
cat109,BM,2,1868.235,1868.235,7.4763601290367525,7.4763601290367525,True
cat109,BN,2,1680.49,1680.49,7.400710686720033,7.400710686720033,True
cat109,BO,329,1855.6795744680849,1500.16,7.3232706341609335,7.313993421555486,False
cat109,BP,1,1624.06,1624.06,7.393300017159121,7.393300017159121,True
cat109,BQ,1067,2415.1294189315836,1974.42,7.536609469956195,7.588536312954514,False
cat109,BR,16,1622.345625,1269.065,7.194765616790313,7.146631215693835,True
cat109,BS,9,1719.5933333333332,2038.62,7.306566311353033,7.620518794977206,True
cat109,BT,2,1211.505,1211.505,7.053888858461546,7.053888858461546,True
cat109,BU,3142,2639.220868873329,2054.755,7.621925663093561,7.628398429356353,False
cat109,BV,2,1727.245,1727.245,7.2994812533380085,7.2994812533380085,True
cat109,BX,61,1518.3565573770493,1276.72,7.077830308006916,7.152832518601481,True
cat109,BY,3,1470.3,1288.31,7.260497343255005,7.1618624705334595,True
cat109,C,39,4059.7602564102563,3210.76,7.987110818293327,8.074574352474242,True
cat109,CA,66,1931.6733333333334,1794.98,7.416334026278503,7.493300288015626,True
cat109,CB,1,2860.23,2860.23,7.959006881290403,7.959006881290403,True
cat109,CC,43,2297.1853488372094,1823.98,7.5526871833619245,7.509324307052433,True
cat109,CD,143,2009.5355244755247,1643.42,7.405746647111675,7.405143017440639,True
cat109,CE,8,1643.81625,1486.1,7.320282325396617,7.303823608518259,True
cat109,CF,12,2625.8641666666667,2274.0950000000003,7.670078354959635,7.706574658966449,True
cat109,CG,8,2676.67625,2525.275,7.8122047201125016,7.833884880872004,True
cat109,CH,6,1679.6066666666666,1268.3,7.332172067523907,7.144191621764502,True
cat109,CI,109,1809.510458715596,1525.92,7.321096380074798,7.33100791353842,True
cat109,CJ,8,1564.05375,1126.24,7.153315952124966,7.019981448620877,True
cat109,CK,13,972.9530769230769,836.85,6.744563529635713,6.730839086846733,True
cat109,CL,178,4416.924494382023,2621.495,7.945500826931554,7.871734552148525,True
cat109,D,214,2190.0498130841124,2008.75,7.519565930635017,7.605762594274749,False
cat109,E,17,1877.1670588235295,2047.16,7.318481168713824,7.624697108107799,True
cat109,F,124,2864.1808870967743,2566.8,7.7359703031092595,7.850797090448147,True
cat109,G,1353,2893.4349445676276,2305.31,7.711950448105047,7.743404123710583,False
cat109,H,73,1991.8964383561645,1965.4,7.432773990374949,7.58395973881177,True
cat109,I,94,2149.9256382978724,2122.7250000000004,7.536914945398116,7.660917011619567,True
cat109,J,1,2143.75,2143.75,7.670778274453075,7.670778274453075,True
cat109,K,2999,2313.3989663221073,1816.35,7.491206504705231,7.505134675052703,False
cat109,L,89,3689.716853932584,3018.58,7.938698700852125,8.012873027849707,True
cat109,M,446,3144.4973766816147,2145.915,7.701300907785195,7.6717866985098615,False
cat109,N,461,1833.5566594360087,1625.31,7.344102101330811,7.39406892384251,False
cat109,O,58,1796.270344827586,1608.8449999999998,7.2498553886885,7.383874895609189,True
cat109,P,8,1639.2475,1435.4099999999999,7.160021837246774,7.257444163814446,True
cat109,Q,66,2270.1943939393936,1861.85,7.555059489161164,7.529832849390841,True
cat109,R,149,3356.6499999999996,2696.88,7.823295110496245,7.900221558387893,True
cat109,S,25,1862.5783999999999,1426.31,7.298919557488339,7.263546832846729,True
cat109,T,59,1964.4981355932202,1737.66,7.4285546161290625,7.4608699805751995,True
cat109,U,78,1876.6805128205126,1728.065,7.382169412211413,7.4553216605492345,True
cat109,V,11,1566.5454545454545,1277.43,7.287567171244039,7.15338804157021,True
cat109,X,49,2759.8004081632653,2284.83,7.594324608671533,7.7344844758852025,True
cat109,Y,23,2950.83,3136.1,7.83439215092358,8.051054085272654,True
cat109,ZZ,1,796.91,796.91,6.681995809134559,6.681995809134559,True
cat110,A,1296,2946.2364583333333,2212.3199999999997,7.714043513021647,7.702248749143054,False
cat110,AA,20,2578.1580000000004,2120.81,7.68239339288214,7.6583852966400245,True
cat110,AB,56,2358.5812499999997,1823.455,7.4554353584946655,7.50901966540922,True
cat110,AC,2611,3669.9497165836847,2567.85,7.871387093920961,7.851213606927203,False
cat110,AD,626,2060.47214057508,1729.475,7.424726533483516,7.456148985713344,False
cat110,AE,16,4646.9825,1809.42,7.808317912172823,7.501267900356067,True
cat110,AF,3,1371.0266666666666,1131.85,7.0923205359203925,7.032491860383463,True
cat110,AG,7,2527.23,2834.62,7.741434888383424,7.950015887136973,True
cat110,AH,4,1956.4875,2073.71,7.54502660730748,7.635907588402426,True
cat110,AI,2965,2786.2811568296797,2130.15,7.65560394243039,7.664417019109896,False
cat110,AJ,14,2635.558571428571,2455.09,7.738907907016495,7.804077422621013,True
cat110,AK,336,2764.5647321428573,1880.52,7.6005696990044695,7.539831508321653,False
cat110,AL,121,1984.5146280991735,1848.45,7.437006030274674,7.522643576573471,True
cat110,AM,643,2429.6731570762054,1750.99,7.500635596570999,7.46850756371749,False
cat110,AN,3,832.54,826.1,6.5317168701289985,6.717925606697861,True
cat110,AO,27,2112.2385185185185,1535.21,7.414499386198857,7.337073623112461,True
cat110,AP,576,2668.304322916667,2249.6800000000003,7.645653608597361,7.718987515055462,False
cat110,AR,90,2671.805,1694.355,7.571682372345438,7.435647387621555,True
cat110,AS,1,1467.99,1467.99,7.292330368798767,7.292330368798767,True
cat110,AT,39,2536.108205128205,2246.12,7.620555203625402,7.717404675298743,True
cat110,AU,38,3333.886315789474,1838.4099999999999,7.646250846585915,7.516050259450694,True
cat110,AV,9,2351.6944444444443,2761.02,7.621383815089192,7.9237175750726365,True
cat110,AW,48,2236.6725,1755.98,7.522212766948836,7.471304451730862,True
cat110,AX,21,2758.193333333333,2578.01,7.740530399331446,7.855160883345715,True
cat110,AY,202,2869.350297029703,2192.075,7.703040306992754,7.693053118324762,False
cat110,B,12,1576.5308333333332,1770.0700000000002,7.25476049989015,7.479319309262795,True
cat110,BA,61,3224.240491803279,2446.4,7.80205883576015,7.802781515551568,True
cat110,BB,6,3476.615,2405.11,7.887810595745314,7.765434501848523,True
cat110,BC,4131,2554.9644904381507,1939.76,7.574731875765985,7.570834927919687,False
cat110,BD,1,1576.5,1576.5,7.363596594415368,7.363596594415368,True
cat110,BE,15,1947.3266666666666,2038.66,7.31871050842942,7.620538406281163,True
cat110,BF,19,1564.5742105263157,1370.73,7.186510547348843,7.223827995916631,True
cat110,BG,146,1803.6042465753426,1608.135,7.305789002856713,7.383449536963369,True
cat110,BI,1,1068.07,1068.07,6.974544390639862,6.974544390639862,True
cat110,BJ,26,2204.1711538461536,2317.55,7.575522124391351,7.748513711021463,True
cat110,BK,1,2726.89,2726.89,7.911283695569731,7.911283695569731,True
cat110,BL,18,1573.666111111111,1313.615,7.261488754653576,7.180963283721301,True
cat110,BM,1,2716.54,2716.54,7.907482338298259,7.907482338298259,True
cat110,BN,2,2185.7,2185.7,7.686336817238777,7.686336817238777,True
cat110,BO,38,1585.6105263157895,1524.3899999999999,7.195127779696912,7.329443746494426,True
cat110,BP,2867,2877.9677886292293,2051.7,7.6438907296886125,7.626911278723133,False
cat110,BQ,19,1646.255263157895,1775.74,7.259932675152603,7.482535503437331,True
cat110,BR,52,1523.6153846153845,1336.475,7.181226657733518,7.1984725368642035,True
cat110,BS,1920,2859.8451770833335,2103.46,7.655438554346138,7.651814077092611,False
cat110,BT,16365,3180.054736327528,2149.62,7.7135441891258365,7.673511451643492,False
cat110,BU,4,1683.575,1924.44,7.368153531479833,7.561184379706388,True
cat110,BV,2,1166.315,1166.315,7.062456037295734,7.062456037295734,True
cat110,BW,21,1658.6038095238096,1481.7,7.2821197621466425,7.30162002902398,True
cat110,BX,31,1521.8667741935485,1243.42,7.1386965162623355,7.1264248368969,True
cat110,BY,8,1727.9225000000001,1456.9650000000001,7.343115626939882,7.2830254392319205,True
cat110,C,2681,2425.9131219694145,1973.47,7.557258507884422,7.58805528689135,False
cat110,CB,1,1810.32,1810.32,7.501811140231098,7.501811140231098,True
cat110,CC,10,1939.309,1897.9850000000001,7.416368711833149,7.549066834850597,True
cat110,CD,8,1796.5975,1537.855,7.351498600395654,7.338167640994429,True
cat110,CF,35,2096.978285714286,1849.41,7.49588269969613,7.523162515139548,True
cat110,CG,206,1916.5368446601942,1712.96,7.392640200940385,7.446559506528362,False
cat110,CH,296,2492.004358108108,2076.0249999999996,7.588956864214546,7.638612203958318,False
cat110,CI,1066,3566.819324577861,2313.1949999999997,7.7919060954783905,7.746817170315965,False
cat110,CJ,153,3206.171633986928,2020.4,7.693621965066875,7.611545619640562,True
cat110,CK,26,1384.965,1233.92,7.065463360886375,7.118714097620314,True
cat110,CL,25305,3523.7305382335503,2285.55,7.784576001921466,7.734799410342073,False
cat110,CM,1925,2747.197496103896,2056.02,7.628875588546299,7.629013612503114,False
cat110,CN,70,4063.7395714285717,2534.2799999999997,7.898226878537686,7.837636429709388,True
cat110,CO,17495,3117.470019434124,2149.32,7.7066593908445284,7.673371947255852,False
cat110,CP,27,2376.678888888889,2128.9,7.493363137271417,7.663830309244554,True
cat110,CQ,3271,3053.205074900642,1991.56,7.652502965558768,7.597175523134448,False
cat110,CR,767,2842.394185136897,1999.57,7.61391492047142,7.601187418937297,False
cat110,CS,24592,3024.8991513500328,2056.51,7.6718507697213125,7.629251792759485,False
cat110,CT,39,1999.0771794871794,1668.2,7.463210796233745,7.420099748717398,True
cat110,CU,2,1265.315,1265.315,7.129590416546119,7.129590416546119,True
cat110,CV,72,1747.350138888889,1656.31,7.326521670511413,7.412898905621997,True
cat110,CW,8,1455.7450000000001,1387.7849999999999,7.212509853615355,7.234884300852714,True
cat110,CX,6,1168.985,1091.48,6.919804825757996,6.995395386631557,True
cat110,CY,10,1931.4990000000003,1338.58,7.257586127409001,7.195407947069318,True
cat110,D,52,2034.9055769230768,1804.365,7.4535509149841195,7.497487394562772,True
cat110,DA,22,2406.217727272727,1959.7150000000001,7.5804042764046535,7.567426500101824,True
cat110,DB,4,1528.2424999999998,1430.365,7.2918762508229875,7.253935143332685,True
cat110,DC,29,2130.081724137931,1481.88,7.3605492133039,7.301741421803957,True
cat110,DD,3,1624.5366666666666,2001.22,7.240106730815423,7.60201184394758,True
cat110,DE,14,1684.2507142857141,1665.4450000000002,7.375666219861155,7.418201414213007,True
cat110,DF,20,2180.564,1700.835,7.512053080039264,7.438365235868805,True
cat110,DG,15,2153.5026666666668,2424.33,7.458826004910422,7.79372287658743,True
cat110,DH,120,3196.9566666666665,2498.3100000000004,7.764101298833792,7.823618834316452,True
cat110,DI,62,1492.8798387096774,1227.3000000000002,7.11969996342777,7.113347363014129,True
cat110,DJ,233,2672.629184549356,2314.5,7.662101436275818,7.747380925920806,False
cat110,DK,1745,2938.1723094555873,2020.68,7.662052395166762,7.611684127906759,False
cat110,DL,395,2670.2985316455693,1817.66,7.566375465655811,7.50585524515932,False
cat110,DM,796,3077.0165452261303,1948.185,7.645215726524942,7.575164952277465,False
cat110,DN,2,1277.435,1277.435,7.124242597290816,7.124242597290816,True
cat110,DO,12,2071.6141666666667,1411.4,7.3163702039418075,7.2349004658784875,True
cat110,DP,13,1678.3015384615383,1586.76,7.283230948601394,7.370079496884003,True
cat110,DQ,17,2165.280588235294,2009.88,7.5495535884197995,7.606327716187147,True
cat110,DR,26,2283.512307692308,2230.075,7.509330843081457,7.710238092310149,True
cat110,DS,17,3654.3841176470587,4000.77,7.984385612361925,8.294492042227775,True
cat110,DT,3,1631.18,1905.04,7.350872578865702,7.552783070352803,True
cat110,DU,138,2597.97847826087,2064.2799999999997,7.639988822958514,7.633020988037524,True
cat110,DV,1,601.09,601.09,6.400406935795691,6.400406935795691,True
cat110,DW,3640,2709.7820384615384,2073.17,7.638431163395183,7.637316350679339,False
cat110,DX,3096,2909.06940245478,2083.3900000000003,7.6391171198040855,7.642231515122403,False
cat110,DY,14,4140.4121428571425,2003.8850000000002,7.797020741152501,7.589572118904963,True
cat110,E,175,2485.3404571428573,2089.18,7.575771956925842,7.645005465652277,True
cat110,EA,181,3123.9773480662984,2224.66,7.730355008536229,7.707808779828077,True
cat110,EB,21396,2912.5478514675638,2130.495,7.673875152875251,7.6645788788122875,False
cat110,ED,8,1504.3775,1545.705,7.263105251876697,7.34215961646176,True
cat110,EE,1185,3509.414194092827,2275.86,7.794967879267995,7.730552579764185,False
cat110,EF,1159,3285.088723037101,2262.15,7.753581885897978,7.724512927131082,False
cat110,EG,24654,3047.407985316784,2159.245,7.700552163329022,7.677976920104938,False
cat110,EH,1,7020.68,7020.68,8.856757784627609,8.856757784627609,True
cat110,EI,2,1966.935,1966.935,7.58192803894736,7.58192803894736,True
cat110,EJ,2,3153.17,3153.17,8.04895516709173,8.04895516709173,True
cat110,EK,4,2067.2,1819.955,7.524260177905804,7.506762936016468,True
cat110,EL,9236,2676.473775443915,1959.49,7.594024448370287,7.5809497157762085,False
cat110,EM,176,4427.839375,2621.495,7.948266917896146,7.871734552148525,True
cat110,G,34,1687.920294117647,1459.46,7.2370578014000255,7.285404286953762,True
cat110,H,8,1311.545,1263.555,7.159003881625612,7.142237406123472,True
cat110,I,236,2810.34,2254.285,7.65517433972591,7.721030977948769,False
cat110,J,22,1932.1531818181816,1597.435,7.4321834391092265,7.374570995716965,True
cat110,K,20,1856.3259999999998,1625.1,7.35060017348732,7.393662767806395,True
cat110,L,11,3019.605454545455,2245.11,7.621478259783595,7.716955110056363,True
cat110,N,222,1538.2295045045046,1368.275,7.161814179019394,7.222033959395449,False
cat110,O,104,1370.5470192307694,1229.88,7.06475887457328,7.115172692023065,True
cat110,P,15,2141.1753333333336,1951.68,7.545006442036058,7.5769580669652905,True
cat110,Q,3,4259.833333333333,4821.21,7.917390357347711,8.480987608186853,True
cat110,R,20,3052.4375,2839.865,7.906249614779332,7.951774839604508,True
cat110,S,1,1105.51,1105.51,7.008966196955915,7.008966196955915,True
cat110,T,529,2329.314933837429,1991.78,7.5461463120806265,7.59728592776754,False
cat110,U,343,2235.0475510204083,1837.22,7.477612200248562,7.51655299107372,False
cat110,V,1692,2626.0157092198583,2012.0,7.5866466933928605,7.607381409648356,False
cat110,W,2703,2970.150318165002,2136.2,7.69685602976208,7.667251840083616,False
cat110,X,66,3258.7730303030303,2625.0600000000004,7.812806559879434,7.873231539832183,True
cat110,Y,11,2367.635454545454,1789.79,7.383967331757862,7.490412142254726,True
cat111,A,128395,2826.826831185015,1974.74,7.617179623257175,7.588698290703175,False
cat111,B,7,2578.652857142857,2299.89,7.657965608401777,7.741051283590614,True
cat111,C,32401,3112.7932162587576,2063.98,7.695446911304101,7.6328758201182065,False
cat111,D,3,4634.71,1786.1,7.813054749447571,7.488349473302751,True
cat111,E,14682,3487.3093052717613,2512.755,7.867184923613691,7.829532929810742,False
cat111,F,3,3365.9233333333336,3425.22,8.013397666116065,8.13921289165017,True
cat111,G,7039,4014.2854823128287,3056.19,8.034237590384157,8.025251472396482,False
cat111,I,3578,4538.145086640581,3612.685,8.179085435484033,8.192483303624215,False
cat111,K,1353,5175.607575757575,4239.77,8.3500991650812,8.352500135511619,False
cat111,M,473,6090.626152219873,4950.27,8.522893325472298,8.507399388311962,False
cat111,O,221,6091.21592760181,4989.28,8.490386064660045,8.515247299395782,False
cat111,Q,91,6552.888901098901,5631.94,8.60643385056739,8.636386787320145,True
cat111,S,38,7827.693421052631,5441.915,8.738063036564839,8.601394183408146,True
cat111,U,16,9587.939375,8083.0599999999995,8.880116364580292,8.997646576373217,True
cat111,W,16,9498.15375,6622.725,8.89663666716278,8.79831459223591,True
cat111,Y,2,5891.655000000001,5891.655000000001,8.434922388834742,8.434922388834742,True
cat112,A,2411,2803.3353878058897,1997.66,7.63435416558508,7.600232234991777,False
cat112,AA,1241,2787.083883964545,2073.04,7.6521319792977245,7.637253675006578,False
cat112,AB,246,3233.393577235772,2319.27,7.799411628317309,7.749432546551551,False
cat112,AC,454,2768.016762114538,1966.71,7.630865048212429,7.584625161027958,False
cat112,AD,1531,3292.1655127367735,2261.3,7.773128673797563,7.724137273876711,False
cat112,AE,834,2428.361139088729,1670.695,7.490534900645589,7.421591829972542,False
cat112,AF,9368,3426.8236016225446,2489.465,7.83668610609895,7.82022471794554,False
cat112,AG,1331,2963.763193087904,2130.44,7.694490081042398,7.664553086618358,False
cat112,AH,18639,3476.60654219647,2553.71,7.8467137364462145,7.845693993260438,False
cat112,AI,4749,2378.319208254369,1618.94,7.453841884166383,7.3901443905035045,False
cat112,AJ,144,3191.479861111111,2312.635,7.8182854273456,7.746571935771181,True
cat112,AK,6726,2636.81151798989,1865.1999999999998,7.572343361305738,7.531659538193681,False
cat112,AL,1130,3185.889725663717,2375.2,7.776340023238866,7.773256553045178,False
cat112,AM,1170,2676.2884444444444,1887.795,7.573638311008504,7.543694318875479,False
cat112,AN,9138,3111.434439702342,2175.675,7.696626799843372,7.685553755216762,False
cat112,AO,534,3215.660992509363,2564.42,7.805436905319714,7.849876114646028,False
cat112,AP,4000,2301.9110425,1546.865,7.413878379511562,7.344631838743576,False
cat112,AQ,30,2735.1536666666666,2187.4449999999997,7.701858198035078,7.689549082731457,True
cat112,AR,2365,2784.8585835095137,1941.63,7.606943579087688,7.571798004069411,False
cat112,AS,17669,3409.983391816175,2453.19,7.82410722290026,7.805552046886603,False
cat112,AT,1272,3056.9869182389934,2165.0699999999997,7.705112592851182,7.680666579341905,False
cat112,AU,434,2572.4665898617513,1701.59,7.542245055478595,7.439904822033843,False
cat112,AV,7122,2380.850900028082,1596.855,7.416764319896437,7.376417383663814,False
cat112,AW,3145,2856.063923688394,1983.26,7.628507885244924,7.593001327645825,False
cat112,AX,1074,2942.7488919925513,2028.045,7.654769829646716,7.615320369703093,False
cat112,AY,1414,2787.4676661951908,2060.165,7.655151287347599,7.631026426157652,False
cat112,B,423,3192.5594089834512,2377.39,7.795749819823318,7.774179067167817,False
cat112,BA,190,3124.5713684210527,2436.94,7.7341416556156855,7.798894721696618,False
cat112,C,2257,3250.37447939743,2183.24,7.747183026331592,7.68902322093721,False
cat112,D,1645,2858.5309240121583,2064.5,7.652616984630904,7.633127606836819,False
cat112,E,25148,3208.4092802608557,2180.865,7.728269046584635,7.687935289779797,False
cat112,F,3149,2949.4149761829153,2098.66,7.6665293882940055,7.649530705841618,False
cat112,G,3168,3250.2314551767677,2395.43,7.794440200459495,7.781735228372847,False
cat112,H,548,2852.9845437956205,2022.665,7.6178340220408165,7.6126649670024555,False
cat112,I,940,2470.653468085106,1677.72,7.468684050046174,7.425786780080815,False
cat112,J,16222,2832.797108248058,1882.755,7.584808065813977,7.541022401254717,False
cat112,K,6059,3277.2317643175443,2339.21,7.756699556740285,7.757995947914775,False
cat112,L,493,3060.4665720081134,2319.1,7.751800443893255,7.749365567179704,False
cat112,M,439,2816.543667425968,2118.86,7.657744973437301,7.6591053277496215,False
cat112,N,8453,3043.5846279427424,2138.78,7.702934210400436,7.668458298992913,False
cat112,O,2183,2727.8247869903803,1978.33,7.606892006215596,7.590513682585468,False
cat112,P,406,2932.139581280788,1978.875,7.622318102655796,7.590788759633956,False
cat112,Q,793,2843.7460151324085,1980.88,7.635166995918706,7.591801168152879,False
cat112,R,1123,2919.011513802315,2097.06,7.692898046101542,7.648768387212704,False
cat112,S,4201,3119.163334920257,2189.05,7.7267536091027,7.691679653600151,False
cat112,T,521,2562.0407869481764,1898.01,7.56945959062102,7.549087976727858,False
cat112,U,8356,2594.619455481092,1726.35,7.502006219651762,7.454343721040832,False
cat112,V,693,2969.9688888888886,2341.72,7.71286177452013,7.759067926458278,False
cat112,W,461,3350.8115835140998,2464.66,7.816160700122438,7.810214799117265,False
cat112,X,925,2816.7135783783783,1942.62,7.63323302348173,7.572307492661969,False
cat112,Y,1351,2837.032427831236,2066.76,7.654966922391356,7.634221174734908,False
cat113,A,3269,3267.95858060569,2236.9,7.736666806144261,7.713293205121109,False
cat113,AB,18,1035.7033333333334,934.1,6.775140467765061,6.840640628014562,True
cat113,AC,1,1594.78,1594.78,7.3751179238967834,7.3751179238967834,True
cat113,AD,4419,3065.506100927812,2191.53,7.721315995748416,7.6928114071629885,False
cat113,AE,22030,2907.740038129823,2045.145,7.6498736324506105,7.623712813629375,False
cat113,AF,6079,2942.861834183254,2144.61,7.676490672960577,7.6711791732175225,False
cat113,AG,2415,3814.935817805383,2514.82,7.8680732589579865,7.830354073130705,False
cat113,AH,209,2144.7585645933013,1879.13,7.451513612653626,7.539096202369488,False
cat113,AI,440,3903.6272272727274,2441.035,7.876129663196231,7.800586939289728,False
cat113,AJ,4425,2923.3138056497173,2111.84,7.663708872698268,7.655788293026353,False
cat113,AK,3520,2872.2603551136363,2101.635,7.6622363995209435,7.650946595596924,False
cat113,AL,3,13411.536666666667,2524.74,8.218698119507886,7.83428936807997,True
cat113,AM,450,4116.1719111111115,2512.73,7.9319332024528695,7.8295210537913675,False
cat113,AN,5214,3469.9800632911392,2225.63,7.771221440775381,7.708244450867438,False
cat113,AO,1628,3094.4798157248156,2104.255,7.683090261162574,7.652191731020949,False
cat113,AP,6,7758.738333333334,6744.45,8.583742458135868,8.757784949319323,True
cat113,AQ,17,10177.875294117648,8767.18,8.946167980920919,9.078884538174156,True
cat113,AR,1,2622.55,2622.55,7.87228364145478,7.87228364145478,True
cat113,AS,3901,3120.5703845167905,2171.51,7.719090724620514,7.683638460120898,False
cat113,AT,4664,4359.476989708404,2791.375,7.974997844216,7.934647753908758,False
cat113,AU,1630,2600.4889386503064,1922.8200000000002,7.562010030257721,7.562067115872361,False
cat113,AV,528,3817.1173863636363,2692.0249999999996,7.884413320624782,7.898414957970069,False
cat113,AW,1825,2738.654202739726,1959.26,7.6088172280155435,7.580832396488148,False
cat113,AX,12661,3095.9888602795986,2170.08,7.707454202064125,7.6829800185775365,False
cat113,AY,466,1766.7560300429186,1477.205,7.307373245641004,7.298582826508888,False
cat113,B,1,4361.04,4361.04,8.380695116824985,8.380695116824985,True
cat113,BA,42,1658.692619047619,1364.47,7.255045435630499,7.219032418827415,True
cat113,BB,53,1425.0205660377358,1324.39,7.147843170738767,7.189462034733555,True
cat113,BC,2793,2717.8966201217327,2046.51,7.633801586063875,7.624379699720182,False
cat113,BD,337,5360.863234421365,3165.86,8.11973933566842,8.060495839688466,False
cat113,BE,3,36664.12333333333,38504.79,10.405732789344668,10.558563898578882,True
cat113,BF,347,2976.068645533141,2135.24,7.68762905129576,7.666802553318786,False
cat113,BG,1804,2671.877433481153,2062.5,7.613317654304878,7.632158189626976,False
cat113,BH,1221,3208.715765765766,2478.25,7.774702744267603,7.815711374066234,False
cat113,BI,32,3546.8984375,2844.31,7.923109097343134,7.952591683337289,True
cat113,BJ,2605,3076.101190019194,2164.85,7.687865259046586,7.680568173085338,False
cat113,BK,693,2972.4851803751803,2356.56,7.733349641830258,7.7653824648730385,False
cat113,BL,3,6310.173333333333,7118.71,8.720434793466529,8.87062227323944,True
cat113,BM,26191,2874.4716967660643,2029.09,7.634535953736605,7.615835406028436,False
cat113,BN,3486,3300.1457974756167,2434.105,7.792910901065904,7.797745067147369,False
cat113,BO,1413,3156.226857749469,2270.92,7.748341935890694,7.728380567953505,False
cat113,C,143,4310.1658041958035,3160.92,8.01238432149804,8.058934717006599,True
cat113,E,7,24281.04857142857,12942.39,9.670613237062483,9.468340512106222,True
cat113,F,1463,4289.362775119617,2803.5,7.984049172517511,7.938980548948392,False
cat113,G,18,20191.35722222222,9649.11,9.238913443461168,9.165471586336846,True
cat113,H,5094,4008.1898351001178,2476.3450000000003,7.872951861632272,7.81494269257413,False
cat113,I,3279,2454.81713937176,1767.75,7.50799462057263,7.478028361391548,False
cat113,J,3105,3093.8872528180354,2104.42,7.696214514829276,7.652270251154646,False
cat113,K,7738,2767.2489286637374,2037.71,7.631007220386397,7.620072519141109,False
cat113,L,13058,2917.420246592127,2109.4399999999996,7.687096032709162,7.654651725432897,False
cat113,M,2485,2459.8116941649896,1722.22,7.511345075318332,7.451949912648606,False
cat113,N,2839,2495.433744276154,1913.4,7.5713867809366775,7.557159536594163,False
cat113,O,10,1596.186,1339.865,7.294170321746103,7.198858287488767,True
cat113,P,1,2029.8,2029.8,7.61618508307324,7.61618508307324,True
cat113,Q,2784,2954.2613685344827,2090.105,7.681258148537568,7.645447858144284,False
cat113,S,7033,2744.9109242144177,2000.62,7.623498942789635,7.601712131669122,False
cat113,T,2,2554.83,2554.83,7.791864898676912,7.791864898676912,True
cat113,U,11,36429.88,17556.73,9.88563871782334,9.773249587762267,True
cat113,V,15,3857.2833333333333,3758.82,8.14725098304642,8.232126362897597,True
cat113,X,7016,2987.1152822120866,2104.51,7.675880167726723,7.65231299000726,False
cat113,Y,11374,3014.1131176367153,2129.52,7.683087936052872,7.664121359262099,False
cat114,A,131693,3259.916396087871,2341.86,7.774948072666838,7.759127684268428,False
cat114,B,6,1649.39,1231.48,7.167712259628349,7.075433327931456,True
cat114,C,16793,2070.5943863514563,1320.86,7.290746468134756,7.186795114652528,False
cat114,D,5,1782.4119999999998,1334.31,7.323661990501305,7.19691875361567,True
cat114,E,16475,2088.414701669196,1308.6,7.291120407097878,7.177477026056925,False
cat114,F,7905,2614.4474003795067,1845.34,7.5828597941773515,7.52096058011854,False
cat114,G,1,3425.22,3425.22,8.13921289165017,8.13921289165017,True
cat114,I,2432,3541.981097861842,2726.1549999999997,7.9119280536529795,7.9110141482312,False
cat114,J,8199,2719.6064166361753,1930.78,7.621528365926223,7.566197136652986,False
cat114,L,870,4951.500689655172,4130.665,8.255660063506234,8.326434943567099,False
cat114,N,2455,3632.444688391039,2815.23,7.9484059202740065,7.943154390078982,False
cat114,O,240,6021.068833333334,4905.6849999999995,8.42641861684267,8.49835329027157,False
cat114,Q,43,7949.2044186046505,7325.0,8.781050791791746,8.89918494333876,True
cat114,R,912,5435.395460526316,4546.98,8.3393638719024,8.422438320397074,False
cat114,S,4,7200.9075,6780.215,8.823969628203528,8.8136948472397,True
cat114,U,250,6385.0257599999995,5480.139999999999,8.506806645006098,8.609047917938017,False
cat114,V,33,8858.997272727273,8111.18,8.870830258232703,9.001121914933897,True
cat114,W,1,2641.76,2641.76,7.8795791045788,7.8795791045788,True
cat114,X,1,8014.22,8014.22,8.989097513200948,8.989097513200948,True
cat115,A,75,3259.5108,2003.69,7.7322344311834525,7.603244714320441,True
cat115,B,2,19845.899999999998,19845.899999999998,9.178747218690361,9.178747218690361,True
cat115,C,1,542.81,542.81,6.298599921142937,6.298599921142937,True
cat115,D,4,17578.39,7316.695,9.252096819447337,8.897684528514105,True
cat115,E,11,29163.914545454547,14163.63,9.33922097045337,9.55850329120338,True
cat115,F,269,5235.4926022304835,3263.84,8.142752292980223,8.090966035915587,False
cat115,G,315,4106.091396825397,2293.08,7.827777276256138,7.738087170664508,False
cat115,H,2793,3336.945456498389,2129.61,7.71401027042905,7.664163602679647,False
cat115,I,7090,2991.019256699577,2021.9099999999999,7.652834758653515,7.612292346572673,False
cat115,J,23895,3140.750020087885,2090.8,7.693858587524511,7.6457802183201675,False
cat115,K,43866,3016.756871836958,2099.2650000000003,7.677611568034127,7.649818802755011,False
cat115,L,16125,3054.0952074418606,2245.26,7.717597358042867,7.717021889952077,False
cat115,M,12444,2978.0426607200257,2150.4,7.683703895679517,7.673874052942145,False
cat115,N,22438,3017.6715848114804,2087.77,7.676805034883183,7.644330650384447,False
cat115,O,26813,2948.5254413903704,2076.66,7.667583860875613,7.638997539407853,False
cat115,P,21538,3025.4223655864052,2116.485,7.689795451918153,7.657984341870165,False
cat115,Q,8258,3091.162018648583,2219.725,7.720294415523392,7.705588997395861,False
cat115,R,2038,2904.8017320902845,2176.795,7.677758847130226,7.686067836338227,False
cat115,S,250,2852.30732,1978.005,7.608493229038339,7.590349167385217,False
cat115,T,56,3454.972142857143,3009.115,7.866730206323591,8.00953859063913,True
cat115,U,26,3009.0223076923075,2129.27,7.7500844877399695,7.66396898297052,True
cat115,W,6,2708.9733333333334,2178.4049999999997,7.7200610171892174,7.68591219971766,True
cat115,X,5,3063.068,3061.6,7.894241278112064,8.027019507381107,True
cat116,AA,4,10448.735,10712.380000000001,9.051073373492267,9.276707223698477,True
cat116,AB,2,1159.305,1159.305,7.0051180814906235,7.0051180814906235,True
cat116,AC,85,3832.058588235294,2634.34,7.880604848098552,7.876767484909582,True
cat116,AD,1,1624.82,1624.82,7.393767582872925,7.393767582872925,True
cat116,AE,1,509.85,509.85,6.236076005037432,6.236076005037432,True
cat116,AF,32,3546.8984375,2844.31,7.923109097343134,7.952591683337289,True
cat116,AG,6,2674.1716666666666,2321.55,7.771349359043562,7.736265472888305,True
cat116,AH,1,683.04,683.04,6.528016395444853,6.528016395444853,True
cat116,AJ,35,1278.8619999999999,1114.65,7.0557903433736495,7.017192473680512,True
cat116,AK,6,2021.0933333333332,2227.43,7.450987071341881,7.706280742625223,True
cat116,AL,6,1026.8216666666667,808.38,6.679134256079348,6.680206358749137,True
cat116,AM,1,820.48,820.48,6.711107591471892,6.711107591471892,True
cat116,AN,1,1159.4,1159.4,7.056520052247249,7.056520052247249,True
cat116,AO,40,2133.4674999999997,1773.9099999999999,7.506100416348277,7.481129514564698,True
cat116,AP,1,1753.45,1753.45,7.46991069646957,7.46991069646957,True
cat116,AR,1,4361.04,4361.04,8.380695116824985,8.380695116824985,True
cat116,AS,1,1663.91,1663.91,7.417526346899517,7.417526346899517,True
cat116,AT,1,2287.78,2287.78,7.735774203494297,7.735774203494297,True
cat116,AU,2,1417.245,1417.245,7.070337347675936,7.070337347675936,True
cat116,AV,3,955.6933333333333,889.67,6.852122397391233,6.791973988496394,True
cat116,AW,20,1237.2285,1159.9650000000001,6.933805602462213,7.0496016967403206,True
cat116,AX,11,2745.6627272727274,2995.89,7.758693581679487,8.00533036327304,True
cat116,AY,2,1393.195,1393.195,6.856751467204823,6.856751467204823,True
cat116,B,14,3497.367142857143,2801.815,7.950047317893082,7.925821627659161,True
cat116,BA,10,1432.438,1542.345,7.196504091979858,7.337345005561449,True
cat116,BB,1,930.29,930.29,6.836570721791449,6.836570721791449,True
cat116,BC,1,278.49,278.49,5.632966513779786,5.632966513779786,True
cat116,BD,290,1916.352655172414,1539.33,7.362728615655135,7.339725475287869,False
cat116,BF,1,3259.13,3259.13,8.089522350866288,8.089522350866288,True
cat116,BG,1,969.6,969.6,6.877914436971116,6.877914436971116,True
cat116,BI,1,559.61,559.61,6.329025476602274,6.329025476602274,True
cat116,BK,10,1003.818,984.42,6.848276607155614,6.892472361263483,True
cat116,BL,1,1988.71,1988.71,7.595744178455871,7.595744178455871,True
cat116,BM,2,1065.275,1065.275,6.9155969906058825,6.9155969906058825,True
cat116,BO,101,3080.0196039603957,2475.9,7.772414788494443,7.814763057257375,True
cat116,BP,279,3422.5662365591397,2281.6,7.764801943527699,7.7330704231195,False
cat116,BQ,7,4155.984285714286,3983.49,8.215728674301626,8.290164603109469,True
cat116,BS,19,2870.568947368421,2310.53,7.734819661826964,7.745664921929393,True
cat116,BT,3,2225.616666666667,1635.24,7.586870752260002,7.400156205669911,True
cat116,BU,8,1971.195,816.12,7.100325561162803,6.696089747551214,True
cat116,BV,290,3000.175724137931,1939.33,7.63977809672848,7.57061332441549,False
cat116,BW,14,4061.414285714286,3925.23,8.235754254852415,8.274535940238264,True
cat116,BX,312,3063.1441346153847,1956.2199999999998,7.666352518936826,7.579261141082488,False
cat116,BY,1620,2942.4094444444445,2163.015,7.680181472525325,7.679720504069133,False
cat116,C,1,2397.07,2397.07,7.782419526153904,7.782419526153904,True
cat116,CA,21,3320.04,3202.15,7.881342237117157,8.071889979608464,True
cat116,CB,1909,2653.2561655316917,2004.91,7.59513177406308,7.60385310211161,False
cat116,CC,2,1559.815,1559.815,7.156418540799362,7.156418540799362,True
cat116,CD,300,3117.1381666666666,2468.4049999999997,7.781819602364497,7.81173147948544,False
cat116,CE,16,3985.6475,3607.55,8.02685219572674,8.19106105890853,True
cat116,CF,87,3260.2527586206897,2852.45,7.810768740833255,7.95628406748226,True
cat116,CG,238,4166.680462184874,2692.37,7.893611673346626,7.898542630064419,False
cat116,CH,35,1268.662,1202.25,7.043785590187785,7.092781508183219,True
cat116,CI,1314,2473.2061415525113,2099.365,7.593252915562687,7.6498663880717865,False
cat116,CJ,2,1657.01,1657.01,7.4040829577808225,7.4040829577808225,True
cat116,CK,10162,3037.328947057666,2211.585,7.711218916871575,7.701916793648722,False
cat116,CL,5,4231.782,4933.15,8.046671005247925,8.503935697924314,True
cat116,CM,51,1405.5362745098041,1238.58,7.144521529449273,7.122527891546584,True
cat116,CN,198,2850.6764141414146,1875.18,7.602470366519472,7.53699075541005,False
cat116,CO,245,3381.434775510204,2490.24,7.826659640873326,7.820535857469776,False
cat116,CP,343,1712.0656559766765,1492.03,7.2697547186830676,7.308562891108244,False
cat116,CQ,33,3622.1281818181815,2543.93,7.787056822086516,7.841858423694765,True
cat116,CR,6862,2967.1341241620516,2240.6549999999997,7.698753065240586,7.714969708618474,False
cat116,CS,934,2969.327633832976,2272.375,7.71103784434045,7.729020778254912,False
cat116,CT,113,3283.8374336283186,2912.43,7.881591841805794,7.977086360209033,True
cat116,CU,438,2905.445205479452,2439.2799999999997,7.715322902559809,7.799867043116636,False
cat116,CV,20,4013.532,2974.42,8.060614231268884,7.9962029659323814,True
cat116,CW,699,4431.514878397711,2994.47,7.993997620559399,8.004856426451296,False
cat116,CX,17,2828.1311764705883,1321.47,7.5261478255297085,7.187256479165143,True
cat116,CY,3,3076.3799999999997,2083.64,7.935707786614128,7.642351457454621,True
cat116,D,2,2603.325,2603.325,7.864801181359246,7.864801181359246,True
cat116,DA,43,1505.6816279069767,1387.22,7.17380058737596,7.235777629947646,True
cat116,DC,4557,2499.71294711433,2001.8,7.585647767633803,7.60230148045579,False
cat116,DD,237,2599.3138818565403,2035.48,7.593428625975084,7.618978106269313,False
cat116,DE,7,2322.8514285714286,2258.37,7.708346212254363,7.722841292343298,True
cat116,DF,2519,2804.968626439063,2096.85,7.640586663634949,7.6486682897367455,False
cat116,DG,27,3536.9851851851854,3024.47,7.877710740971029,8.014821730296804,True
cat116,DH,454,3346.118832599119,2189.84,7.758469128192473,7.692038677335846,False
cat116,DI,448,2295.5120982142857,1941.545,7.536112353100359,7.571716826503396,False
cat116,DJ,20244,2911.9006871171705,2032.92,7.649111731789473,7.617720244274857,False
cat116,DK,684,3145.5208333333335,2084.935,7.707696408949936,7.642972358895349,False
cat116,DL,51,3313.4205882352944,1830.23,7.715847977877317,7.512743151204031,True
cat116,DM,33,2351.268181818182,1684.81,7.542761721233834,7.4300014394475555,True
cat116,DN,174,2607.6583908045977,1884.665,7.601608978550544,7.542003311996304,True
cat116,DO,7,1469.652857142857,1285.48,7.212156196429123,7.159665085545769,True
cat116,DP,9202,3107.6975168441645,2087.0550000000003,7.688909638457793,7.643988287561744,False
cat116,DQ,1,1924.8,1924.8,7.563096744806184,7.563096744806184,True
cat116,DR,8,3070.845,1867.1,7.4385230210873114,7.5245385227044235,True
cat116,DS,553,3023.1155153707055,2127.31,7.677263610698584,7.663083516543446,False
cat116,DT,54,2540.790740740741,2007.15,7.635189392510746,7.604968551530018,True
cat116,DU,100,3828.2608,2335.66,7.8923680493947685,7.756459863532203,True
cat116,DV,3,6115.8966666666665,1357.36,7.693381081003167,7.214033368715991,True
cat116,DW,103,3539.0051456310684,2736.83,7.903027283362381,7.914920914804642,True
cat116,DX,73,2731.511506849315,2131.31,7.653709973574318,7.664961178092799,True
cat116,DY,1,1291.81,1291.81,7.16457342288543,7.16457342288543,True
cat116,E,77,2790.546233766234,2321.15,7.6339491587496635,7.750248759654585,True
cat116,EA,357,2801.249495798319,2258.59,7.710980453729322,7.722938659879268,False
cat116,EB,39,4506.566923076924,2108.65,7.886349204668573,7.654277335933787,True
cat116,EC,708,3634.3266242937852,2630.545,7.858617120556741,7.875325791644787,False
cat116,ED,145,3905.7020689655174,2939.37,7.951771878515829,7.986290702754373,True
cat116,EE,210,3092.427714285714,2202.495,7.6974078646963,7.697725742595059,False
cat116,EF,62,2689.02,1954.045,7.669900928145853,7.5780523468789625,True
cat116,EG,66,2607.5039393939396,2516.825,7.723651584757466,7.8311488535057165,True
cat116,EH,77,3152.5950649350652,2599.38,7.809321578177274,7.863412867176295,True
cat116,EI,250,4139.371,2778.1099999999997,7.9738862693136765,7.92988595311685,False
cat116,EJ,11,3673.2099999999996,1847.95,7.7111353435371575,7.522373189377361,True
cat116,EK,639,3108.070532081377,2147.01,7.701839540701262,7.672297111111401,False
cat116,EL,445,3212.115775280899,1939.05,7.69200391193642,7.570469024921127,False
cat116,EN,84,3425.9538095238095,2238.375,7.832802741864963,7.713950135771819,True
cat116,EO,438,3111.0346347031964,1984.5349999999999,7.66120197064754,7.593643605922402,False
cat116,EP,208,3836.746009615385,2388.8500000000004,7.841534431989113,7.778985881230833,False
cat116,EQ,1,3374.5,3374.5,8.124298740481926,8.124298740481926,True
cat116,ES,80,5097.02125,3562.31,8.141338373300494,8.178436188306389,True
cat116,EU,3,2696.9066666666663,3240.22,7.736138548882326,8.083705081121648,True
cat116,EV,1,4541.61,4541.61,8.42125701571736,8.42125701571736,True
cat116,EW,6,3527.84,3194.6800000000003,8.024310793795275,8.068687324317708,True
cat116,EY,239,2761.427991631799,1960.67,7.639645803431477,7.581551430260168,False
cat116,F,6,5347.886666666666,3706.4,8.210204822650956,8.213644004410252,True
cat116,FA,54,3562.947962962963,2580.175,7.919673431750572,7.855818120347781,True
cat116,FB,619,3422.09366720517,2604.03,7.836589792278477,7.865199470435934,False
cat116,FC,502,3711.3027689243027,2569.6400000000003,7.869193384509347,7.851909340128399,False
cat116,FD,284,3379.340176056338,2740.62,7.839697415868787,7.916302609174233,False
cat116,FE,171,3912.528713450293,2906.84,7.941701734906853,7.9751658165069825,True
cat116,FF,34,2546.054411764706,1969.77,7.566849741502459,7.586102391967214,True
cat116,FG,125,2566.91008,2114.8,7.624244864837168,7.657188270552674,True
cat116,FH,479,3309.2537995824637,2425.24,7.775010961366041,7.794098012887916,False
cat116,FI,1,2029.8,2029.8,7.61618508307324,7.61618508307324,True
cat116,FJ,2,825.205,825.205,6.655389622551806,6.655389622551806,True
cat116,FK,2,512.085,512.085,6.230336281504542,6.230336281504542,True
cat116,FL,3,1706.33,1943.92,7.398762904603547,7.572976124101241,True
cat116,FM,1,1500.32,1500.32,7.314100000117309,7.314100000117309,True
cat116,FN,1,2533.23,2533.23,7.837645122350141,7.837645122350141,True
cat116,FO,1,1698.74,1698.74,7.438230577171143,7.438230577171143,True
cat116,FP,1,6350.52,6350.52,8.75644943332103,8.75644943332103,True
cat116,FQ,1,1631.0,1631.0,7.397561535524052,7.397561535524052,True
cat116,FR,789,2546.3496577946767,2071.28,7.59342409073191,7.636404729384579,False
cat116,FS,1,2236.05,2236.05,7.712913312603775,7.712913312603775,True
cat116,FT,340,2176.0089411764707,1841.16,7.4843116722771,7.518691729505262,False
cat116,FU,17,1384.784117647059,820.88,6.9175759997263535,6.711594398997814,True
cat116,FV,7,2439.0085714285715,2173.1,7.624559830825766,7.684370064783345,True
cat116,FW,15,4956.938,3391.47,8.156650300318669,8.129313548633816,True
cat116,FX,149,4891.5011409395975,3066.98,8.069899119526013,8.028774643561075,True
cat116,G,1,2938.58,2938.58,7.986021992984816,7.986021992984816,True
cat116,GA,495,3437.5100404040404,2543.17,7.844950463439232,7.841559746126767,False
cat116,GB,241,4188.109460580913,2641.76,7.957854192385437,7.8795791045788,False
cat116,GC,3803,2676.022987115435,1942.01,7.583180480806654,7.571993596044587,False
cat116,GD,5,988.3860000000001,973.36,6.894738175723584,6.881780845209901,True
cat116,GE,1399,2798.884388849178,2052.53,7.635973162621204,7.627315542493698,False
cat116,GF,24,1917.5,1442.585,7.329949061661591,7.273632769971583,True
cat116,GG,10,1025.8049999999998,836.2950000000001,6.822873654224177,6.728457259237006,True
cat116,GH,18,3686.201666666667,2228.005,7.825337568839087,7.705984586782929,True
cat116,GI,1835,3211.6864632152588,2161.83,7.725763263107658,7.679172828319731,False
cat116,GJ,124,4291.897419354839,3206.765,8.00492712028195,8.073315627314573,True
cat116,GK,2632,2695.767963525836,2050.455,7.628363180520697,7.626304519084992,False
cat116,GL,151,2859.5750993377487,2061.3,7.676800363723752,7.631577143810001,True
cat116,GM,70,3253.829,2409.58,7.824303461892716,7.787606816384981,True
cat116,GN,536,2631.0735074626864,2090.695,7.637877788983414,7.645729601963266,False
cat116,GO,28,2106.7039285714286,1862.08,7.369155885303632,7.529976860098378,True
cat116,GP,21,3514.6880952380952,2222.9,7.890235486135558,7.707017690330784,True
cat116,GQ,3,4136.1033333333335,1333.65,7.818704947290833,7.196424364176544,True
cat116,GR,70,2440.7067142857145,2030.535,7.597807678534282,7.61578075879399,True
cat116,GS,8736,3071.702022664835,2123.7200000000003,7.684997592417504,7.661395307959827,False
cat116,GT,403,2496.456401985112,1850.35,7.54177887975757,7.523670381678818,False
cat116,GU,591,4757.071133671743,3134.55,8.08165060324359,8.050559876275962,False
cat116,GV,55,3085.761090909091,1693.93,7.691034872848958,7.435396721026664,True
cat116,GW,84,6464.232857142858,2932.865,8.193814004611966,7.983971431467248,True
cat116,GX,595,4844.316739495798,2644.17,7.991350210061252,7.88049061443875,False
cat116,GY,10,2402.06,2190.7799999999997,7.678075285599279,7.692416396188941,True
cat116,H,19,8076.8431578947375,4951.04,8.443281670461168,8.507554891876236,True
cat116,HA,975,1995.420482051282,1711.09,7.417525665160975,7.445470125413387,False
cat116,HB,2007,3175.7124464374688,2201.66,7.724256643423966,7.697420999893741,False
cat116,HC,810,3017.9719506172837,2257.5,7.730697495900119,7.7224561209727085,False
cat116,HD,18,4706.258333333334,3270.82,8.138100320544307,8.092548373248594,True
cat116,HE,3,6682.483333333333,1975.81,8.223008824137901,7.589239713342301,True
cat116,HF,35,3712.380857142857,2535.98,7.874617744362156,7.838729676241444,True
cat116,HG,4414,2709.4646624376983,1955.3899999999999,7.5999847489580885,7.578856216752698,False
cat116,HH,597,2037.0717755443889,1681.95,7.405043122646676,7.428303484896251,False
cat116,HI,37,3094.595135135135,3087.06,7.786179175216736,8.035298341007719,True
cat116,HJ,2741,2637.2112623130247,2027.46,7.613196710000072,7.615032163447889,False
cat116,HK,21061,3125.6688960638144,2110.69,7.690697261075281,7.655243853749839,False
cat116,HL,607,2505.687677100494,1868.85,7.528625471010738,7.533613492727581,False
cat116,HM,764,2641.5242670157068,1963.03,7.579349526923903,7.582749128443592,False
cat116,HN,1302,4679.315829493087,2977.29,8.037083915988038,7.999104570332887,False
cat116,HO,1,19096.78,19096.78,9.857327376912956,9.857327376912956,True
cat116,HP,136,3854.7555147058824,2155.2799999999997,7.775540546489522,7.676139500955596,True
cat116,HQ,4044,3297.234396636993,2135.5950000000003,7.731535627466119,7.666968552287392,False
cat116,HR,77,3890.0715584415584,1970.9,7.803524848648662,7.5867528239376405,True
cat116,HT,9,5656.985555555556,3521.03,8.115896929929686,8.166792806907438,True
cat116,HU,1,22354.19,22354.19,10.01481378784914,10.01481378784914,True
cat116,HV,3853,3377.369356345705,2311.88,7.766619359561375,7.7462487802111415,False
cat116,HW,118,2476.6386440677966,1698.915,7.6178989339575836,7.438333211111013,True
cat116,HX,5629,2472.334261858234,1788.67,7.523660561898284,7.489786524296961,False
cat116,HY,195,2385.6506153846153,1827.33,7.524518598188772,7.5111582608855025,False
cat116,I,3,4172.056666666666,3393.62,8.013434719123122,8.129947104420438,True
cat116,IA,3,8512.18,4588.76,8.796521731309285,8.431583014105849,True
cat116,IB,1,6240.19,6240.19,8.738926148309767,8.738926148309767,True
cat116,IC,708,2541.6633192090394,1929.775,7.570447449542187,7.56567634729042,False
cat116,ID,136,2783.8891911764704,1961.665,7.559395359653036,7.58205138576314,True
cat116,IE,4225,3155.7954650887573,2085.83,7.702034002378175,7.643401447123109,False
cat116,IF,617,2655.9565478119935,2102.61,7.62458093109344,7.6514101954593565,False
cat116,IG,2269,2713.8331599823714,2096.14,7.652979520377489,7.648329790714445,False
cat116,IH,1168,2424.768852739726,1816.92,7.535191225926236,7.505448138514937,False
cat116,II,12,2280.8483333333334,1269.91,7.323067574369489,7.144760898159356,True
cat116,IJ,3,5555.463333333333,2205.77,8.2055834833683,7.699285186961119,True
cat116,IK,1,3475.28,3475.28,8.153718035500148,8.153718035500148,True
cat116,IL,10,2513.6169999999997,2088.94,7.73725050052222,7.625373942396566,True
cat116,IM,41,4210.285609756097,2907.49,7.99558536172411,7.975389325146521,True
cat116,IN,46,4343.775869565217,3017.5550000000003,7.972012107425264,8.012179160084115,True
cat116,IO,1,4612.83,4612.83,8.436813593668278,8.436813593668278,True
cat116,IP,25,1175.116,1116.72,6.877959680797623,7.019046175120709,True
cat116,IQ,142,3468.794718309859,2646.295,7.846265852534705,7.881221830483301,True
cat116,IR,1,4868.25,4868.25,8.490695200110009,8.490695200110009,True
cat116,IT,336,3383.6069047619044,2199.955,7.74607565301544,7.696634271336941,False
cat116,IU,96,4269.758854166666,2960.23,7.976029729350468,7.993358615683022,True
cat116,IV,1,5264.88,5264.88,8.569003552101966,8.569003552101966,True
cat116,IX,1,7020.68,7020.68,8.856757784627609,8.856757784627609,True
cat116,IY,79,2585.457088607595,2133.19,7.6339109062533375,7.665842462575011,True
cat116,J,1,51383.04,51383.04,10.847082897389763,10.847082897389763,True
cat116,JA,1,1576.5,1576.5,7.363596594415368,7.363596594415368,True
cat116,JB,5,1034.896,622.66,6.796332842648357,6.435605348077976,True
cat116,JC,22,1895.5436363636363,1819.955,7.387823411494637,7.506762936016468,True
cat116,JD,1,1973.9,1973.9,7.588273043141941,7.588273043141941,True
cat116,JE,17,2045.9547058823532,1523.43,7.408232460056735,7.329375848680108,True
cat116,JF,16,1325.078125,1105.0549999999998,6.916362951255502,7.008303574042028,True
cat116,JG,6,1682.3216666666667,1334.205,7.300533387394885,7.19468746598675,True
cat116,JH,4,1220.5825,1158.52,7.045651866093397,7.024232568006721,True
cat116,JI,1,1126.16,1126.16,7.027456473794424,7.027456473794424,True
cat116,JJ,6,1423.0416666666667,1232.3,7.165994741229512,7.116427508475862,True
cat116,JK,1,2150.0,2150.0,7.67368812926773,7.67368812926773,True
cat116,JL,89,1516.9467415730337,1253.28,7.181341657876622,7.134316981754815,True
cat116,JM,26,1689.3446153846153,1575.655,7.305899164743076,7.362503449757785,True
cat116,JN,1,726.47,726.47,6.589572761081972,6.589572761081972,True
cat116,JO,1,17297.19,17297.19,9.758357150734913,9.758357150734913,True
cat116,JP,4,17624.1,10269.705,8.866137404923407,9.048070433293834,True
cat116,JQ,10,1932.834,1653.125,7.329556230172949,7.342738506368464,True
cat116,JR,1013,3396.3271767028627,2544.53,7.842439458618012,7.8420941587767725,False
cat116,JT,1,1523.32,1523.32,7.329303687958469,7.329303687958469,True
cat116,JU,97,4553.417525773196,2563.44,7.965042026438943,7.849495410182062,True
cat116,JV,3,2104.036666666667,1011.36,7.350947121489227,6.920039517815356,True
cat116,JW,390,3832.2865128205126,2873.075,7.937090125318271,7.963481763225175,False
cat116,JX,184,4674.847173913044,2730.94,8.035409555544486,7.912684103378583,True
cat116,JY,6,1331.5983333333334,1330.525,6.904996033992017,7.191680450746779,True
cat116,K,138,3298.431449275362,2338.035,7.77823305099116,7.757387605943762,True
cat116,KA,613,3776.759070146819,2431.03,7.891674377833551,7.796481578536292,False
cat116,KB,363,3218.598980716253,2514.69,7.832025293984544,7.830302398782436,False
cat116,KC,1513,2785.664448116325,2019.82,7.613761528173041,7.611258648617718,False
cat116,KD,188,2934.6901063829787,1743.025,7.567522311935634,7.46393500603058,False
cat116,KE,32,1861.1815625,1706.125,7.381939694877246,7.438786790806943,True
cat116,KF,3,2423.346666666667,2505.85,7.7859828419830945,7.826782263899173,True
cat116,KG,4,1107.155,996.865,6.8646725255863945,6.860251556915441,True
cat116,KH,1,14163.63,14163.63,9.55850329120338,9.55850329120338,True
cat116,KI,166,2427.936987951807,1884.82,7.516611800273753,7.54211545509477,True
cat116,KJ,130,3451.036,2297.865,7.76888239298368,7.740139133782076,True
cat116,KK,16,2760.784375,2013.81,7.727397881958102,7.604472508404868,True
cat116,KL,280,5060.2635,3228.9,8.13573677317749,8.08020492599223,False
cat116,KM,18,2362.972777777778,1780.275,7.489318093491816,7.484991504506091,True
cat116,KN,59,4558.088983050848,2989.91,8.023030383037987,8.003332967906415,True
cat116,KP,251,4785.839960159363,2312.77,7.8745033888371205,7.746633507826577,False
cat116,KQ,213,3205.237511737089,2340.25,7.818445857891162,7.758440253758298,False
cat116,KR,519,3833.559210019268,2476.86,7.8930839454673585,7.815150563417921,False
cat116,KS,1,3248.91,3248.91,8.086382582632652,8.086382582632652,True
cat116,KT,94,6609.439680851064,3786.6099999999997,8.33777283969272,8.23921023387752,True
cat116,KU,123,3496.2667479674797,2240.92,7.750803288463372,7.715087920569068,True
cat116,KV,3,3514.8933333333334,2785.35,7.925184369688995,7.932487774589901,True
cat116,KW,3085,2865.2852350081034,1990.47,7.641084793244609,7.596628338486141,False
cat116,KX,224,3055.3609375,2211.99,7.668750423463881,7.702079981123665,False
cat116,KY,17,6901.440588235295,6622.38,8.6458378219561,8.798361092650616,True
cat116,L,9,4678.647777777778,3427.46,7.9968475925363345,8.139866459746633,True
cat116,LA,17,3309.820588235294,3170.43,7.849075174313254,8.061937869255406,True
cat116,LB,3194,2917.5231997495302,2145.63,7.675180744216136,7.6716544494956675,False
cat116,LC,295,2877.7301694915254,2003.11,7.6735310699055,7.602955350917903,False
cat116,LD,137,5924.279927007299,3145.27,8.1545015553385,8.053972903203258,True
cat116,LE,6,2264.6283333333336,1568.04,7.519679153823259,7.3549181731430835,True
cat116,LF,1873,3239.8214148424986,2286.0,7.779451934512593,7.734996194022781,False
cat116,LG,6,7174.66,5541.88,8.451051805894062,8.612238285954517,True
cat116,LH,29,1511.693448275862,1461.77,7.107950605063106,7.288087177451304,True
cat116,LI,246,4254.353170731707,2260.51,7.888771379819735,7.723553802269128,False
cat116,LJ,389,4440.8870437017995,2894.65,8.013124721049719,7.9709648898482985,False
cat116,LK,18,6068.598888888889,2854.88,8.242368595835309,7.954378439441023,True
cat116,LL,244,2005.015655737705,1668.255,7.43057203480583,7.420122401477952,False
cat116,LM,3277,2886.1043240768995,2159.16,7.703495810630397,7.677937572008936,False
cat116,LN,3127,3025.9909657818994,2050.64,7.682883140350713,7.626394752303018,False
cat116,LO,2082,3162.963227665706,2254.2200000000003,7.743269139885358,7.721002255962901,False
cat116,LQ,589,3479.0777249575553,2227.22,7.795514637356888,7.708958339439883,False
cat116,LR,40,6046.14675,3555.17,8.237819569119882,8.176141499805935,True
cat116,LT,48,6315.619166666666,4446.49,8.359283181149324,8.400022597765108,True
cat116,LU,3,1314.1499999999999,1411.08,7.090739350887495,7.252819073672024,True
cat116,LV,298,6542.849530201342,3838.395,8.298900022102737,8.253066345050922,False
cat116,LW,635,3124.4456062992126,2106.66,7.706178001277651,7.65333360632999,False
cat116,LX,340,3277.760294117647,2386.165,7.788611888773263,7.777860091896816,False
cat116,LY,1327,3229.3726752072344,2229.26,7.759873793731718,7.709873449586105,False
cat116,M,3,4747.946666666667,3333.34,8.28603084134587,8.112030037715252,True
cat116,MA,81,3455.5885185185184,1932.21,7.74434237408433,7.566937112728086,True
cat116,MB,1,9290.32,9290.32,9.136835909981256,9.136835909981256,True
cat116,MC,343,2235.9202332361515,1894.6,7.517641194097359,7.547290690093433,False
cat116,MD,1960,3162.8169285714284,2015.095,7.696758268119692,7.608917741105216,False
cat116,ME,290,2311.3504137931036,1916.1,7.508479580538631,7.558568891710776,False
cat116,MF,1,1435.47,1435.47,7.269943994107987,7.269943994107987,True
cat116,MG,357,4158.153445378151,3074.04,7.97818838629957,8.031073188286095,False
cat116,MH,1,2255.02,2255.02,7.7213574778268805,7.7213574778268805,True
cat116,MI,96,4568.883958333333,2722.9799999999996,8.058176989760097,7.9098486089589475,True
cat116,MJ,701,3803.600370898716,2368.33,7.837238578497294,7.770362493739939,False
cat116,MK,28,6960.207857142857,4186.135,8.355379866707505,8.333595418180494,True
cat116,ML,13,3833.0053846153846,2266.15,7.920378915383332,7.726278815058792,True
cat116,MM,11,4595.347272727273,2466.52,7.985619575960513,7.810968876644596,True
cat116,MN,10,4777.05,2784.9750000000004,8.090468424816635,7.932225167920762,True
cat116,MO,33,2107.3439393939398,1779.95,7.498234049453887,7.484902208779911,True
cat116,MP,77,2843.800779220779,2479.12,7.743842747795379,7.816062225085184,True
cat116,MQ,39,7309.423333333333,5344.24,8.591895540146258,8.583961724228454,True
cat116,MR,19,9178.802631578947,3350.37,8.505343819859258,8.117124496443596,True
cat116,MS,1,67537.73,67537.73,11.12045649009087,11.12045649009087,True
cat116,MT,1,729.77,729.77,6.59409877275812,6.59409877275812,True
cat116,MU,43,4003.078604651163,2321.15,7.882512691289795,7.750248759654585,True
cat116,MV,2,4164.385,4164.385,8.3267851789495,8.3267851789495,True
cat116,MW,24,4320.787499999999,2514.6949999999997,7.98718107865598,7.824574125133381,True
cat116,O,3,4221.150000000001,3709.07,8.220153515595648,8.218806023348012,True
cat116,P,2,37820.24,37820.24,10.333960040807252,10.333960040807252,True
cat116,Q,2,11476.095,11476.095,9.236255922336731,9.236255922336731,True
cat116,R,4,24498.692499999997,26222.315,9.817057026050586,10.026239242473999,True
cat116,S,2,4585.995,4585.995,8.124712858329815,8.124712858329815,True
cat116,T,2,3799.9849999999997,3799.9849999999997,8.175759336830959,8.175759336830959,True
cat116,U,14,20924.859285714287,9649.11,9.345420883043387,9.165471586336846,True
cat116,V,1,542.81,542.81,6.298599921142937,6.298599921142937,True
cat116,W,2,46347.59,46347.59,10.729420608649548,10.729420608649548,True
cat116,X,2,19845.899999999998,19845.899999999998,9.178747218690361,9.178747218690361,True
cat116,Y,10,4593.423,3099.0150000000003,8.037306495619738,8.036977033063698,True
