field,n_levels,most_common_level,most_common_support,denominator,most_common_share,least_common_level,least_common_support,n_rare_levels
cat70,2,A,188295,188318,0.9998778661625548,B,23,1
cat15,2,A,188284,188318,0.9998194543272548,B,34,1
cat22,2,A,188275,188318,0.999771662825646,B,43,1
cat62,2,A,188273,188318,0.9997610424919552,B,45,1
cat64,2,A,188271,188318,0.9997504221582644,B,47,1
cat63,2,A,188239,188318,0.99958049681921,B,79,1
cat68,2,A,188176,188318,0.9992459563079472,B,142,1
cat55,2,A,188173,188318,0.9992300258074108,B,145,1
cat56,2,A,188136,188318,0.9990335496341296,B,182,1
cat20,2,A,188114,188318,0.9989167259635298,B,204,0
cat35,2,A,188105,188318,0.9988689344619208,B,213,0
cat58,2,A,188079,188318,0.9987308701239392,B,239,0
cat48,2,A,188049,188318,0.998571565118576,B,269,0
cat59,2,A,188018,188318,0.9984069499463674,B,300,0
cat69,2,A,188011,188318,0.9983697787784492,B,307,0
cat21,2,A,187905,188318,0.9978069010928324,B,413,0
cat60,2,A,187872,188318,0.9976316655869328,B,446,0
cat34,2,A,187734,188318,0.9968988625622616,B,584,0
cat67,2,A,187626,188318,0.996325364542954,B,692,0
cat47,2,A,187617,188318,0.996277573041345,B,701,0
cat61,2,A,187596,188318,0.9961660595375906,B,722,0
cat77,4,D,187503,188318,0.9956722140209644,A,49,1
cat46,2,A,187436,188318,0.99531643284232,B,882,0
cat33,2,A,187361,188318,0.9949181703289116,B,957,0
cat18,2,A,187331,188318,0.9947588653235484,B,987,0
cat32,2,A,187107,188318,0.9935693879501694,B,1211,0
cat51,2,A,187071,188318,0.9933782219437336,B,1247,0
cat17,2,A,187009,188318,0.993048991599316,B,1309,0
cat42,2,A,186623,188318,0.9909992671969752,B,1695,0
cat78,4,B,186526,188318,0.9904841810129674,D,359,0
cat19,2,A,186510,188318,0.9903992183434404,B,1808,0
