field,level,support,denominator,row_share,mean_loss,median_loss,iqr_loss
cat101,H,1,188318,5.310166845442284e-06,1320.72,1320.72,0.0
cat101,N,1,188318,5.310166845442284e-06,2192.72,2192.72,0.0
cat101,U,1,188318,5.310166845442284e-06,15972.49,15972.49,0.0
cat102,H,1,188318,5.310166845442284e-06,18646.37,18646.37,0.0
cat102,J,1,188318,5.310166845442284e-06,17435.36,17435.36,0.0
cat105,S,1,188318,5.310166845442284e-06,3637.2,3637.2,0.0
cat105,T,1,188318,5.310166845442284e-06,51383.04,51383.04,0.0
cat109,AG,1,188318,5.310166845442284e-06,1150.72,1150.72,0.0
cat109,AK,1,188318,5.310166845442284e-06,544.06,544.06,0.0
cat109,B,1,188318,5.310166845442284e-06,759.84,759.84,0.0
cat109,BF,1,188318,5.310166845442284e-06,2887.44,2887.44,0.0
cat109,BP,1,188318,5.310166845442284e-06,1624.06,1624.06,0.0
cat109,CB,1,188318,5.310166845442284e-06,2860.23,2860.23,0.0
cat109,J,1,188318,5.310166845442284e-06,2143.75,2143.75,0.0
cat109,ZZ,1,188318,5.310166845442284e-06,796.91,796.91,0.0
cat110,AS,1,188318,5.310166845442284e-06,1467.99,1467.99,0.0
cat110,BD,1,188318,5.310166845442284e-06,1576.5,1576.5,0.0
cat110,BI,1,188318,5.310166845442284e-06,1068.07,1068.07,0.0
cat110,BK,1,188318,5.310166845442284e-06,2726.89,2726.89,0.0
cat110,BM,1,188318,5.310166845442284e-06,2716.54,2716.54,0.0
cat110,CB,1,188318,5.310166845442284e-06,1810.32,1810.32,0.0
cat110,DV,1,188318,5.310166845442284e-06,601.09,601.09,0.0
cat110,EH,1,188318,5.310166845442284e-06,7020.68,7020.68,0.0
cat110,S,1,188318,5.310166845442284e-06,1105.51,1105.51,0.0
cat113,AC,1,188318,5.310166845442284e-06,1594.78,1594.78,0.0
cat113,AR,1,188318,5.310166845442284e-06,2622.55,2622.55,0.0
cat113,B,1,188318,5.310166845442284e-06,4361.04,4361.04,0.0
cat113,P,1,188318,5.310166845442284e-06,2029.8,2029.8,0.0
cat114,G,1,188318,5.310166845442284e-06,3425.22,3425.22,0.0
cat114,W,1,188318,5.310166845442284e-06,2641.76,2641.76,0.0
cat114,X,1,188318,5.310166845442284e-06,8014.22,8014.22,0.0
cat115,C,1,188318,5.310166845442284e-06,542.81,542.81,0.0
cat116,AD,1,188318,5.310166845442284e-06,1624.82,1624.82,0.0
cat116,AE,1,188318,5.310166845442284e-06,509.85,509.85,0.0
cat116,AH,1,188318,5.310166845442284e-06,683.04,683.04,0.0
cat116,AM,1,188318,5.310166845442284e-06,820.48,820.48,0.0
cat116,AN,1,188318,5.310166845442284e-06,1159.4,1159.4,0.0
cat116,AP,1,188318,5.310166845442284e-06,1753.45,1753.45,0.0
cat116,AR,1,188318,5.310166845442284e-06,4361.04,4361.04,0.0
cat116,AS,1,188318,5.310166845442284e-06,1663.91,1663.91,0.0
cat116,AT,1,188318,5.310166845442284e-06,2287.78,2287.78,0.0
cat116,BB,1,188318,5.310166845442284e-06,930.29,930.29,0.0
cat116,BC,1,188318,5.310166845442284e-06,278.49,278.49,0.0
cat116,BF,1,188318,5.310166845442284e-06,3259.13,3259.13,0.0
cat116,BG,1,188318,5.310166845442284e-06,969.6,969.6,0.0
cat116,BI,1,188318,5.310166845442284e-06,559.61,559.61,0.0
cat116,BL,1,188318,5.310166845442284e-06,1988.71,1988.71,0.0
cat116,C,1,188318,5.310166845442284e-06,2397.07,2397.07,0.0
cat116,DQ,1,188318,5.310166845442284e-06,1924.8,1924.8,0.0
cat116,DY,1,188318,5.310166845442284e-06,1291.81,1291.81,0.0
cat116,EQ,1,188318,5.310166845442284e-06,3374.5,3374.5,0.0
cat116,EV,1,188318,5.310166845442284e-06,4541.61,4541.61,0.0
cat116,FI,1,188318,5.310166845442284e-06,2029.8,2029.8,0.0
cat116,FM,1,188318,5.310166845442284e-06,1500.32,1500.32,0.0
cat116,FN,1,188318,5.310166845442284e-06,2533.23,2533.23,0.0
cat116,FO,1,188318,5.310166845442284e-06,1698.74,1698.74,0.0
cat116,FP,1,188318,5.310166845442284e-06,6350.52,6350.52,0.0
cat116,FQ,1,188318,5.310166845442284e-06,1631.0,1631.0,0.0
cat116,FS,1,188318,5.310166845442284e-06,2236.05,2236.05,0.0
cat116,G,1,188318,5.310166845442284e-06,2938.58,2938.58,0.0
cat116,HO,1,188318,5.310166845442284e-06,19096.78,19096.78,0.0
cat116,HU,1,188318,5.310166845442284e-06,22354.19,22354.19,0.0
cat116,IB,1,188318,5.310166845442284e-06,6240.19,6240.19,0.0
cat116,IK,1,188318,5.310166845442284e-06,3475.28,3475.28,0.0
cat116,IO,1,188318,5.310166845442284e-06,4612.83,4612.83,0.0
cat116,IR,1,188318,5.310166845442284e-06,4868.25,4868.25,0.0
cat116,IV,1,188318,5.310166845442284e-06,5264.88,5264.88,0.0
cat116,IX,1,188318,5.310166845442284e-06,7020.68,7020.68,0.0
cat116,J,1,188318,5.310166845442284e-06,51383.04,51383.04,0.0
cat116,JA,1,188318,5.310166845442284e-06,1576.5,1576.5,0.0
cat116,JD,1,188318,5.310166845442284e-06,1973.9,1973.9,0.0
cat116,JI,1,188318,5.310166845442284e-06,1126.16,1126.16,0.0
cat116,JK,1,188318,5.310166845442284e-06,2150.0,2150.0,0.0
cat116,JN,1,188318,5.310166845442284e-06,726.47,726.47,0.0
cat116,JO,1,188318,5.310166845442284e-06,17297.19,17297.19,0.0
cat116,JT,1,188318,5.310166845442284e-06,1523.32,1523.32,0.0
cat116,KH,1,188318,5.310166845442284e-06,14163.63,14163.63,0.0
cat116,KS,1,188318,5.310166845442284e-06,3248.91,3248.91,0.0
cat116,MB,1,188318,5.310166845442284e-06,9290.32,9290.32,0.0
cat116,MF,1,188318,5.310166845442284e-06,1435.47,1435.47,0.0
cat116,MH,1,188318,5.310166845442284e-06,2255.02,2255.02,0.0
cat116,MS,1,188318,5.310166845442284e-06,67537.73,67537.73,0.0
cat116,MT,1,188318,5.310166845442284e-06,729.77,729.77,0.0
cat116,V,1,188318,5.310166845442284e-06,542.81,542.81,0.0
cat75,C,1,188318,5.310166845442284e-06,4666.24,4666.24,0.0
cat89,G,1,188318,5.310166845442284e-06,3666.93,3666.93,0.0
cat89,H,1,188318,5.310166845442284e-06,18646.37,18646.37,0.0
cat92,F,1,188318,5.310166845442284e-06,1084.57,1084.57,0.0
cat101,K,2,188318,1.0620333690884567e-05,3240.165,3240.165,2211.215
cat103,N,2,188318,1.0620333690884567e-05,2836.435,2836.435,2238.3949999999995
cat105,R,2,188318,1.0620333690884567e-05,15316.645,15316.645,12531.355
cat106,P,2,188318,1.0620333690884567e-05,759.425,759.425,169.93500000000006
cat107,B,2,188318,1.0620333690884567e-05,19845.9,19845.9,17321.16
cat107,S,2,188318,1.0620333690884567e-05,5553.495,5553.495,61.70499999999993
cat109,AO,2,188318,1.0620333690884567e-05,866.18,866.18,394.4199999999999
cat109,BM,2,188318,1.0620333690884567e-05,1868.235,1868.235,613.1749999999997
cat109,BN,2,188318,1.0620333690884567e-05,1680.49,1680.49,383.6100000000001
cat109,BT,2,188318,1.0620333690884567e-05,1211.505,1211.505,361.5350000000001
cat109,BV,2,188318,1.0620333690884567e-05,1727.245,1727.245,893.2049999999999
cat110,BN,2,188318,1.0620333690884567e-05,2185.7,2185.7,190.57000000000016
cat110,BV,2,188318,1.0620333690884567e-05,1166.315,1166.315,3.8649999999997817
cat110,CU,2,188318,1.0620333690884567e-05,1265.315,1265.315,212.45500000000013
cat110,DN,2,188318,1.0620333690884567e-05,1277.435,1277.435,304.2349999999999
cat110,EI,2,188318,1.0620333690884567e-05,1966.935,1966.935,147.375
cat110,EJ,2,188318,1.0620333690884567e-05,3153.17,3153.17,385.50999999999976
cat111,Y,2,188318,1.0620333690884567e-05,5891.655000000001,5891.655000000001,3676.455000000001
cat113,T,2,188318,1.0620333690884567e-05,2554.83,2554.83,819.6700000000001
cat115,B,2,188318,1.0620333690884567e-05,19845.9,19845.9,17321.16
cat116,AB,2,188318,1.0620333690884567e-05,1159.305,1159.305,362.3950000000001
cat116,AU,2,188318,1.0620333690884567e-05,1417.245,1417.245,791.935
cat116,AY,2,188318,1.0620333690884567e-05,1393.195,1393.195,1020.1749999999998
cat116,BM,2,188318,1.0620333690884567e-05,1065.275,1065.275,348.04499999999985
cat116,CC,2,188318,1.0620333690884567e-05,1559.815,1559.815,889.845
cat116,CJ,2,188318,1.0620333690884567e-05,1657.01,1657.01,224.96000000000004
cat116,D,2,188318,1.0620333690884567e-05,2603.325,2603.325,41.60499999999956
cat116,FJ,2,188318,1.0620333690884567e-05,825.205,825.205,280.97500000000014
cat116,FK,2,188318,1.0620333690884567e-05,512.085,512.085,72.57499999999993
cat116,MV,2,188318,1.0620333690884567e-05,4164.385,4164.385,517.5350000000003
cat116,P,2,188318,1.0620333690884567e-05,37820.24,37820.24,22006.55
cat116,Q,2,188318,1.0620333690884567e-05,11476.095,11476.095,5138.475
cat116,S,2,188318,1.0620333690884567e-05,4585.995,4585.995,3104.365
cat116,T,2,188318,1.0620333690884567e-05,3799.985,3799.985,1348.4549999999997
cat116,W,2,188318,1.0620333690884567e-05,46347.59,46347.59,7842.799999999996
cat116,X,2,188318,1.0620333690884567e-05,19845.9,19845.9,17321.16
cat89,I,2,188318,1.0620333690884567e-05,9814.04,9814.04,7621.320000000001
cat90,G,2,188318,1.0620333690884567e-05,9814.04,9814.04,7621.320000000001
cat101,B,3,188318,1.5930500536326852e-05,1292.02,936.81,727.0149999999999
cat104,Q,3,188318,1.5930500536326852e-05,4747.946666666667,3333.34,3321.55
cat109,BG,3,188318,1.5930500536326852e-05,3268.263333333334,3885.06,1096.0549999999998
cat109,BY,3,188318,1.5930500536326852e-05,1470.3,1288.31,453.915
cat110,AF,3,188318,1.5930500536326852e-05,1371.0266666666666,1131.85,830.2149999999999
cat110,AN,3,188318,1.5930500536326852e-05,832.54,826.1,555.76
cat110,DD,3,188318,1.5930500536326852e-05,1624.5366666666666,2001.22,843.7349999999997
cat110,DT,3,188318,1.5930500536326852e-05,1631.18,1905.04,503.3299999999999
cat110,Q,3,188318,1.5930500536326852e-05,4259.833333333333,4821.21,3399.145
cat111,D,3,188318,1.5930500536326852e-05,4634.71,1786.1,5316.405000000001
cat111,F,3,188318,1.5930500536326852e-05,3365.9233333333336,3425.22,1757.5649999999996
cat113,AL,3,188318,1.5930500536326852e-05,13411.536666666669,2524.74,18312.125
cat113,BE,3,188318,1.5930500536326852e-05,36664.12333333333,38504.79,18446.6
cat113,BL,3,188318,1.5930500536326852e-05,6310.173333333333,7118.71,1608.7749999999996
cat116,AV,3,188318,1.5930500536326852e-05,955.6933333333332,889.67,171.31500000000003
cat116,BT,3,188318,1.5930500536326852e-05,2225.616666666667,1635.24,1292.9750000000004
cat116,CY,3,188318,1.5930500536326852e-05,3076.38,2083.64,1514.5500000000002
cat116,DV,3,188318,1.5930500536326852e-05,6115.8966666666665,1357.36,8025.725
cat116,EU,3,188318,1.5930500536326852e-05,2696.9066666666663,3240.22,1477.66
cat116,FL,3,188318,1.5930500536326852e-05,1706.33,1943.92,529.595
cat116,GQ,3,188318,1.5930500536326852e-05,4136.1033333333335,1333.65,4376.299999999999
cat116,HE,3,188318,1.5930500536326852e-05,6682.483333333333,1975.81,7450.03
cat116,I,3,188318,1.5930500536326852e-05,4172.056666666666,3393.62,3562.3250000000007
cat116,IA,3,188318,1.5930500536326852e-05,8512.18,4588.76,6838.500000000001
cat116,IJ,3,188318,1.5930500536326852e-05,5555.463333333333,2205.77,5481.83
cat116,JV,3,188318,1.5930500536326852e-05,2104.036666666667,1011.36,1815.625
cat116,KF,3,188318,1.5930500536326852e-05,2423.346666666667,2505.85,344.7049999999999
cat116,KV,3,188318,1.5930500536326852e-05,3514.893333333333,2785.35,2732.045
cat116,LU,3,188318,1.5930500536326852e-05,1314.15,1411.08,615.085
cat116,M,3,188318,1.5930500536326852e-05,4747.946666666667,3333.34,3321.55
cat116,O,3,188318,1.5930500536326852e-05,4221.150000000001,3709.07,2496.76
cat99,O,3,188318,1.5930500536326852e-05,936.6033333333336,1106.18,307.5849999999999
cat105,Q,4,188318,2.1240667381769135e-05,12335.1625,5433.785,13328.8275
cat110,AH,4,188318,2.1240667381769135e-05,1956.4875,2073.71,497.4675
cat110,BU,4,188318,2.1240667381769135e-05,1683.575,1924.44,476.6400000000001
cat110,DB,4,188318,2.1240667381769135e-05,1528.2424999999998,1430.365,620.2224999999999
cat110,EK,4,188318,2.1240667381769135e-05,2067.2,1819.955,744.8299999999999
cat114,S,4,188318,2.1240667381769135e-05,7200.9075,6780.215,2954.727499999999
cat115,D,4,188318,2.1240667381769135e-05,17578.39,7316.695,12068.455
cat116,AA,4,188318,2.1240667381769135e-05,10448.735,10712.38,4933.914999999999
cat116,JH,4,188318,2.1240667381769135e-05,1220.5825,1158.52,690.9675000000001
cat116,JP,4,188318,2.1240667381769135e-05,17624.1,10269.705,20778.385
cat116,KG,4,188318,2.1240667381769135e-05,1107.155,996.865,814.665
cat116,R,4,188318,2.1240667381769135e-05,24498.6925,26222.315,28540.9375
cat90,F,4,188318,2.1240667381769135e-05,7565.19,7660.610000000001,2719.9350000000004
cat105,B,5,188318,2.6550834227211417e-05,1236.3380000000002,1201.95,94.82999999999991
cat107,R,5,188318,2.6550834227211417e-05,3063.068,3061.6,1065.0700000000002
cat109,BE,5,188318,2.6550834227211417e-05,1700.2900000000002,1614.7,408.07000000000016
cat114,D,5,188318,2.6550834227211417e-05,1782.4119999999998,1334.31,1211.79
cat115,X,5,188318,2.6550834227211417e-05,3063.068,3061.6,1065.0700000000002
cat116,CL,5,188318,2.6550834227211417e-05,4231.782,4933.15,5328.07
cat116,GD,5,188318,2.6550834227211417e-05,988.386,973.36,115.58999999999992
cat116,JB,5,188318,2.6550834227211417e-05,1034.896,622.66,1110.49
cat89,E,5,188318,2.6550834227211417e-05,3244.568,3032.37,486.19000000000005
cat109,AV,6,188318,3.1861001072653704e-05,1959.705,1841.975,1467.3875000000005
cat109,CH,6,188318,3.1861001072653704e-05,1679.6066666666666,1268.3,1066.9375000000002
cat110,BB,6,188318,3.1861001072653704e-05,3476.615,2405.11,3363.7925
cat110,CX,6,188318,3.1861001072653704e-05,1168.985,1091.48,644.0525000000001
cat113,AP,6,188318,3.1861001072653704e-05,7758.738333333334,6744.45,6230.545
cat114,B,6,188318,3.1861001072653704e-05,1649.39,1231.48,1702.325
cat115,W,6,188318,3.1861001072653704e-05,2708.9733333333334,2178.405,1433.755
cat116,AG,6,188318,3.1861001072653704e-05,2674.1716666666666,2321.55,1549.1050000000002
cat116,AK,6,188318,3.1861001072653704e-05,2021.0933333333328,2227.43,1370.58
cat116,AL,6,188318,3.1861001072653704e-05,1026.8216666666667,808.38,957.48
cat116,EW,6,188318,3.1861001072653704e-05,3527.84,3194.6800000000003,2561.2725000000005
cat116,F,6,188318,3.1861001072653704e-05,5347.886666666666,3706.4,2220.0425000000005
cat116,JG,6,188318,3.1861001072653704e-05,1682.3216666666667,1334.205,1154.5825
cat116,JJ,6,188318,3.1861001072653704e-05,1423.0416666666667,1232.3,517.56
cat116,JY,6,188318,3.1861001072653704e-05,1331.5983333333334,1330.525,901.0075
cat116,LE,6,188318,3.1861001072653704e-05,2264.6283333333336,1568.04,1222.06
cat116,LG,6,188318,3.1861001072653704e-05,7174.66,5541.88,4740.4375
cat90,E,6,188318,3.1861001072653704e-05,5872.208333333333,5456.67,6443.905
cat101,E,7,188318,3.7171167918095986e-05,4458.574285714286,3426.28,2567.7750000000005
cat109,AP,7,188318,3.7171167918095986e-05,1084.1585714285711,1132.76,476.105
cat110,AG,7,188318,3.7171167918095986e-05,2527.23,2834.62,966.0699999999996
cat111,B,7,188318,3.7171167918095986e-05,2578.652857142857,2299.89,2253.2650000000003
cat113,E,7,188318,3.7171167918095986e-05,24281.04857142857,12942.39,31325.535000000003
cat116,BQ,7,188318,3.7171167918095986e-05,4155.984285714286,3983.49,1971.385
cat116,DE,7,188318,3.7171167918095986e-05,2322.8514285714286,2258.37,864.53
cat116,DO,7,188318,3.7171167918095986e-05,1469.652857142857,1285.48,501.49
cat116,FV,7,188318,3.7171167918095986e-05,2439.0085714285715,2173.1,1909.4300000000003
cat88,B,7,188318,3.7171167918095986e-05,3228.7985714285714,3383.09,3009.865
cat109,AF,8,188318,4.248133476353827e-05,1452.7275,1456.64,1196.6374999999998
cat109,CE,8,188318,4.248133476353827e-05,1643.81625,1486.1,458.5825
cat109,CG,8,188318,4.248133476353827e-05,2676.67625,2525.275,828.3049999999998
cat109,CJ,8,188318,4.248133476353827e-05,1564.05375,1126.24,968.03
cat109,P,8,188318,4.248133476353827e-05,1639.2475,1435.41,1887.905
cat110,BY,8,188318,4.248133476353827e-05,1727.9225,1456.965,765.8174999999999
cat110,CD,8,188318,4.248133476353827e-05,1796.5975,1537.855,1008.19
cat110,CW,8,188318,4.248133476353827e-05,1455.745,1387.785,790.7025
cat110,ED,8,188318,4.248133476353827e-05,1504.3775,1545.705,578.3799999999999
cat110,H,8,188318,4.248133476353827e-05,1311.545,1263.555,509.5225
cat116,BU,8,188318,4.248133476353827e-05,1971.195,816.12,1820.11
cat116,DR,8,188318,4.248133476353827e-05,3070.845,1867.1,3182.025
cat105,O,9,188318,4.779150160898055e-05,6625.501111111112,4313.53,6428.51
cat106,B,9,188318,4.779150160898055e-05,3540.13,2211.29,1832.11
cat109,AY,9,188318,4.779150160898055e-05,2495.366666666667,2216.07,1345.79
cat109,BS,9,188318,4.779150160898055e-05,1719.5933333333332,2038.62,1237.8199999999997
cat110,AV,9,188318,4.779150160898055e-05,2351.6944444444443,2761.02,894.6899999999998
cat116,HT,9,188318,4.779150160898055e-05,5656.985555555556,3521.03,4290.120000000001
cat116,L,9,188318,4.779150160898055e-05,4678.647777777778,3427.46,4253.96
cat110,CC,10,188318,5.3101668454422835e-05,1939.309,1897.985,1092.3699999999997
cat110,CY,10,188318,5.3101668454422835e-05,1931.4990000000005,1338.58,517.9525000000001
cat113,O,10,188318,5.3101668454422835e-05,1596.186,1339.865,935.7599999999998
cat116,BA,10,188318,5.3101668454422835e-05,1432.438,1542.345,634.8400000000001
cat116,BK,10,188318,5.3101668454422835e-05,1003.818,984.42,496.9675
cat116,GG,10,188318,5.3101668454422835e-05,1025.8049999999998,836.2950000000001,624.2875
cat116,GY,10,188318,5.3101668454422835e-05,2402.06,2190.78,845.3474999999999
cat116,IL,10,188318,5.3101668454422835e-05,2513.617,2088.94,1862.3125
cat116,JQ,10,188318,5.3101668454422835e-05,1932.834,1653.125,1969.85
cat116,MN,10,188318,5.3101668454422835e-05,4777.05,2784.9750000000004,2236.8675000000003
cat116,Y,10,188318,5.3101668454422835e-05,4593.423,3099.0150000000003,2756.9474999999998
cat103,K,11,188318,5.8411835299865124e-05,6249.808181818182,6497.98,5924.845
cat109,V,11,188318,5.8411835299865124e-05,1566.5454545454545,1277.43,950.39
cat110,L,11,188318,5.8411835299865124e-05,3019.605454545455,2245.11,3493.4500000000007
cat110,Y,11,188318,5.8411835299865124e-05,2367.635454545454,1789.79,1271.3849999999998
cat113,U,11,188318,5.8411835299865124e-05,36429.88,17556.73,33245.240000000005
cat115,E,11,188318,5.8411835299865124e-05,29163.914545454547,14163.63,19170.035
cat116,AX,11,188318,5.8411835299865124e-05,2745.662727272728,2995.89,2212.3
cat116,EJ,11,188318,5.8411835299865124e-05,3673.21,1847.95,1840.555
cat116,MM,11,188318,5.8411835299865124e-05,4595.347272727273,2466.52,1925.9750000000004
cat92,D,11,188318,5.8411835299865124e-05,6784.23090909091,3920.1,7642.304999999999
cat102,F,12,188318,6.372200214530741e-05,5688.412499999999,5351.88,7384.972500000001
cat109,CF,12,188318,6.372200214530741e-05,2625.8641666666667,2274.0950000000003,2478.6800000000003
cat110,B,12,188318,6.372200214530741e-05,1576.5308333333332,1770.0700000000002,1041.3075
cat110,DO,12,188318,6.372200214530741e-05,2071.6141666666667,1411.4,2277.0525
cat116,II,12,188318,6.372200214530741e-05,2280.8483333333334,1269.91,1406.13
cat96,I,12,188318,6.372200214530741e-05,3555.0275,2051.485,1461.9474999999998
cat109,CK,13,188318,6.903216899074968e-05,972.9530769230768,836.85,467.44
cat110,DP,13,188318,6.903216899074968e-05,1678.3015384615385,1586.76,840.0700000000002
cat116,ML,13,188318,6.903216899074968e-05,3833.0053846153846,2266.15,1762.5099999999998
cat109,AA,14,188318,7.434233583619197e-05,2418.3342857142857,1872.33,1786.2275
cat109,BB,14,188318,7.434233583619197e-05,3510.847142857143,3730.68,1596.0025000000005
cat109,BC,14,188318,7.434233583619197e-05,1793.9635714285712,1756.46,738.1275000000003
cat110,AJ,14,188318,7.434233583619197e-05,2635.558571428571,2455.09,2015.3875
cat110,DE,14,188318,7.434233583619197e-05,1684.250714285714,1665.4450000000002,538.4474999999998
cat110,DY,14,188318,7.434233583619197e-05,4140.412142857143,2003.885,3784.18
cat116,B,14,188318,7.434233583619197e-05,3497.367142857143,2801.815,2970.5775
cat116,BW,14,188318,7.434233583619197e-05,4061.414285714286,3925.23,1974.385
cat116,U,14,188318,7.434233583619197e-05,20924.859285714287,9649.11,12920.4125
cat102,G,15,188318,7.965250268163426e-05,8334.852666666668,6677.43,6913.250000000002
cat105,P,15,188318,7.965250268163426e-05,22600.972,4069.65,13406.864999999998
cat109,BK,15,188318,7.965250268163426e-05,1694.0266666666669,1543.67,970.445
cat110,BE,15,188318,7.965250268163426e-05,1947.3266666666664,2038.66,1891.61
cat110,DG,15,188318,7.965250268163426e-05,2153.5026666666668,2424.33,2044.9700000000005
cat110,P,15,188318,7.965250268163426e-05,2141.1753333333336,1951.68,1029.4699999999998
cat113,V,15,188318,7.965250268163426e-05,3857.283333333333,3758.82,2129.21
cat116,FW,15,188318,7.965250268163426e-05,4956.938,3391.47,4652.025
cat109,BR,16,188318,8.496266952707654e-05,1622.345625,1269.065,1519.4
cat110,AE,16,188318,8.496266952707654e-05,4646.9825,1809.42,2427.24
cat111,U,16,188318,8.496266952707654e-05,9587.939375,8083.059999999999,7933.952499999999
cat111,W,16,188318,8.496266952707654e-05,9498.15375,6622.725,9763.165
cat116,CE,16,188318,8.496266952707654e-05,3985.6475,3607.55,4714.112500000001
cat116,JF,16,188318,8.496266952707654e-05,1325.078125,1105.0549999999998,925.7000000000004
cat116,KK,16,188318,8.496266952707654e-05,2760.784375,2013.81,1626.0275
cat103,L,17,188318,9.027283637251883e-05,6675.83,5886.72,2882.62
cat109,AN,17,188318,9.027283637251883e-05,1522.1523529411766,1528.08,686.7199999999998
cat109,E,17,188318,9.027283637251883e-05,1877.1670588235293,2047.16,2141.27
cat110,DQ,17,188318,9.027283637251883e-05,2165.280588235294,2009.88,1646.39
cat110,DS,17,188318,9.027283637251883e-05,3654.3841176470582,4000.77,3539.75
cat113,AQ,17,188318,9.027283637251883e-05,10177.875294117648,8767.18,10173.75
cat116,CX,17,188318,9.027283637251883e-05,2828.1311764705883,1321.47,2051.52
cat116,FU,17,188318,9.027283637251883e-05,1384.784117647059,820.88,988.07
cat116,JE,17,188318,9.027283637251883e-05,2045.9547058823528,1523.43,1735.7199999999998
cat116,KY,17,188318,9.027283637251883e-05,6901.440588235295,6622.38,4468.64
cat116,LA,17,188318,9.027283637251883e-05,3309.820588235294,3170.43,3617.7
cat109,AI,18,188318,9.55830032179611e-05,1527.1244444444446,1525.75,1033.5500000000002
cat110,BL,18,188318,9.55830032179611e-05,1573.666111111111,1313.615,1033.06
cat113,AB,18,188318,9.55830032179611e-05,1035.7033333333334,934.1,671.905
cat113,G,18,188318,9.55830032179611e-05,20191.35722222222,9649.11,13421.0675
cat116,GH,18,188318,9.55830032179611e-05,3686.201666666667,2228.005,5195.3675
cat116,HD,18,188318,9.55830032179611e-05,4706.258333333334,3270.82,2226.735
cat116,KM,18,188318,9.55830032179611e-05,2362.972777777778,1780.275,1740.3425000000002
cat116,LK,18,188318,9.55830032179611e-05,6068.598888888889,2854.88,6448.0425
cat110,BF,19,188318,0.0001008931700634034,1564.5742105263157,1370.73,850.6099999999999
cat110,BQ,19,188318,0.0001008931700634034,1646.255263157895,1775.74,884.6200000000001
cat116,BS,19,188318,0.0001008931700634034,2870.568947368421,2310.53,2581.1800000000003
cat116,H,19,188318,0.0001008931700634034,8076.8431578947375,4951.04,7262.514999999999
cat116,MR,19,188318,0.0001008931700634034,9178.802631578948,3350.37,6465.084999999999
cat99,G,19,188318,0.0001008931700634034,1362.9094736842103,1180.53,950.84
cat110,AA,20,188318,0.00010620333690884567,2578.1580000000004,2120.81,2099.9625
cat110,DF,20,188318,0.00010620333690884567,2180.564,1700.835,1957.3275
cat110,K,20,188318,0.00010620333690884567,1856.326,1625.1,1388.0475
cat110,R,20,188318,0.00010620333690884567,3052.4375,2839.865,1230.1825
cat116,AW,20,188318,0.00010620333690884567,1237.2285,1159.965,686.8650000000001
cat116,CV,20,188318,0.00010620333690884567,4013.532,2974.42,3023.9025
cat94,G,20,188318,0.00010620333690884567,2139.1265,1925.245,1799.5925
cat110,AX,21,188318,0.00011151350375428796,2758.193333333333,2578.01,2175.38
cat110,BW,21,188318,0.00011151350375428796,1658.6038095238096,1481.7,675.8
cat116,CA,21,188318,0.00011151350375428796,3320.04,3202.15,2732.41
cat116,GP,21,188318,0.00011151350375428796,3514.6880952380952,2222.9,2211.5
cat109,AU,22,188318,0.00011682367059973025,2677.7054545454544,2024.915,2000.3875
cat109,BJ,22,188318,0.00011682367059973025,2541.0,1626.795,2785.435
cat110,DA,22,188318,0.00011682367059973025,2406.217727272727,1959.715,1894.475
cat110,J,22,188318,0.00011682367059973025,1932.1531818181816,1597.435,930.5124999999998
cat116,JC,22,188318,0.00011682367059973025,1895.5436363636363,1819.955,1290.6575000000005
cat109,Y,23,188318,0.00012213383744517253,2950.83,3136.1,1534.7749999999996
cat70,B,23,188318,0.00012213383744517253,2953.3439130434786,2351.49,2056.56
cat116,GF,24,188318,0.00012744400429061481,1917.5,1442.585,2009.9025
cat116,MW,24,188318,0.00012744400429061481,4320.787499999999,2514.695,4254.537499999999
cat96,C,24,188318,0.00012744400429061481,4320.787499999999,2514.695,4254.537499999999
cat109,S,25,188318,0.0001327541711360571,1862.5784,1426.31,1640.84
cat116,IP,25,188318,0.0001327541711360571,1175.116,1116.72,601.6500000000001
cat100,E,26,188318,0.00013806433798149937,4914.809615384615,3538.62,3485.3375000000005
cat110,BJ,26,188318,0.00013806433798149937,2204.1711538461536,2317.55,1270.9675000000002
cat110,CK,26,188318,0.00013806433798149937,1384.965,1233.92,739.9100000000001
cat110,DR,26,188318,0.00013806433798149937,2283.512307692308,2230.075,2130.485
cat115,U,26,188318,0.00013806433798149937,3009.0223076923075,2129.27,3208.9325
cat116,JM,26,188318,0.00013806433798149937,1689.3446153846153,1575.655,739.8575000000001
cat73,C,26,188318,0.00013806433798149937,4914.809615384615,3538.62,3485.3375000000005
cat74,C,26,188318,0.00013806433798149937,4914.809615384615,3538.62,3485.3375000000005
cat91,H,26,188318,0.00013806433798149937,4914.809615384615,3538.62,3485.3375000000005
cat92,I,26,188318,0.00013806433798149937,4914.809615384615,3538.62,3485.3375000000005
cat110,AO,27,188318,0.00014337450482694166,2112.2385185185185,1535.21,1966.885
cat110,CP,27,188318,0.00014337450482694166,2376.678888888889,2128.9,2566.485
cat116,DG,27,188318,0.00014337450482694166,3536.9851851851854,3024.47,3036.644999999999
cat116,GO,28,188318,0.00014868467167238395,2106.7039285714286,1862.08,1540.2424999999998
cat116,MK,28,188318,0.00014868467167238395,6960.207857142857,4186.135,6785.35
cat110,DC,29,188318,0.00015399483851782624,2130.081724137931,1481.88,1556.92
cat116,LH,29,188318,0.00015399483851782624,1511.693448275862,1461.77,1486.1
cat112,AQ,30,188318,0.00015930500536326853,2735.1536666666666,2187.445,1795.52
cat110,BX,31,188318,0.0001646151722087108,1521.8667741935485,1243.42,622.1099999999999
cat106,R,32,188318,0.00016992533905415308,3546.8984375,2844.31,2778.42
cat107,U,32,188318,0.00016992533905415308,3546.8984375,2844.31,2778.42
cat113,BI,32,188318,0.00016992533905415308,3546.8984375,2844.31,2778.42
cat116,AF,32,188318,0.00016992533905415308,3546.8984375,2844.31,2778.42
cat116,KE,32,188318,0.00016992533905415308,1861.1815625,1706.125,1445.93
cat109,BA,33,188318,0.00017523550589959537,2848.4166666666665,2424.76,2682.6000000000004
cat114,V,33,188318,0.00017523550589959537,8858.997272727273,8111.18,4567.24
cat116,CQ,33,188318,0.00017523550589959537,3622.1281818181815,2543.93,3780.18
cat116,DM,33,188318,0.00017523550589959537,2351.268181818182,1684.81,2312.62
cat116,MO,33,188318,0.00017523550589959537,2107.34393939394,1779.95,1614.74
cat89,D,33,188318,0.00017523550589959537,8898.260909090908,7238.85,9344.57
cat110,G,34,188318,0.00018054567274503766,1687.920294117647,1459.46,1422.3574999999998
cat116,FF,34,188318,0.00018054567274503766,2546.054411764706,1969.77,3103.185
cat15,B,34,188318,0.00018054567274503766,3426.3879411764706,2647.9,2521.2850000000003
cat97,B,34,188318,0.00018054567274503766,3664.933529411765,3059.125,2893.2000000000003
cat110,CF,35,188318,0.00018585583959047995,2096.978285714286,1849.41,1642.185
cat116,AJ,35,188318,0.00018585583959047995,1278.862,1114.65,872.5749999999999
cat116,CH,35,188318,0.00018585583959047995,1268.662,1202.25,729.5700000000002
cat116,HF,35,188318,0.00018585583959047995,3712.380857142857,2535.98,2681.135
cat96,A,35,188318,0.00018585583959047995,1671.250857142857,1276.72,729.1149999999998
cat116,HI,37,188318,0.0001964761732813645,3094.595135135135,3087.06,2723.91
cat110,AU,38,188318,0.0002017863401268068,3333.886315789474,1838.41,3911.015
cat110,BO,38,188318,0.0002017863401268068,1585.6105263157897,1524.39,1565.48
cat111,S,38,188318,0.0002017863401268068,7827.693421052631,5441.915,6029.857500000001
cat99,I,38,188318,0.0002017863401268068,1816.1805263157892,1766.425,1355.26
cat109,C,39,188318,0.00020709650697224908,4059.760256410256,3210.76,4485.83
cat110,AT,39,188318,0.00020709650697224908,2536.108205128205,2246.12,1873.3250000000005
cat110,CT,39,188318,0.00020709650697224908,1999.0771794871796,1668.2,1382.7000000000005
cat116,EB,39,188318,0.00020709650697224908,4506.566923076924,2108.65,3248.945
cat116,MQ,39,188318,0.00020709650697224908,7309.423333333333,5344.24,6338.039999999999
cat116,AO,40,188318,0.00021240667381769134,2133.4675,1773.91,1135.185
cat116,LR,40,188318,0.00021240667381769134,6046.14675,3555.17,5427.22
cat116,IM,41,188318,0.00021771684066313363,4210.285609756097,2907.49,2965.7899999999995
cat113,BA,42,188318,0.00022302700750857592,1658.692619047619,1364.47,1019.9625
cat104,B,43,188318,0.0002283371743540182,3195.70976744186,2594.26,3030.8250000000007
cat109,BD,43,188318,0.0002283371743540182,1965.152558139535,1878.0,1443.7599999999998
cat109,CC,43,188318,0.0002283371743540182,2297.1853488372094,1823.98,2308.08
cat114,Q,43,188318,0.0002283371743540182,7949.20441860465,7325.0,5364.994999999999
cat116,DA,43,188318,0.0002283371743540182,1505.6816279069767,1387.22,943.885
cat116,MU,43,188318,0.0002283371743540182,4003.078604651163,2321.15,3613.8400000000006
cat22,B,43,188318,0.0002283371743540182,4246.80534883721,2462.33,4179.200000000001
cat103,J,45,188318,0.00023895750804490276,7106.018888888889,6046.6,5574.280000000001
cat62,B,45,188318,0.00023895750804490276,5784.955333333333,3552.94,4753.549999999999
cat116,IN,46,188318,0.00024426767489034505,4343.775869565217,3017.5550000000003,4586.7475
cat64,B,47,188318,0.0002495778417357873,7002.004042553192,5099.53,7419.49
cat110,AW,48,188318,0.00025488800858122963,2236.6725,1755.98,1525.5649999999998
cat116,LT,48,188318,0.00025488800858122963,6315.619166666666,4446.49,6661.8725
cat109,X,49,188318,0.0002601981754266719,2759.8004081632653,2284.83,2538.89
cat77,A,49,188318,0.0002601981754266719,3226.7236734693874,1945.61,2967.79
cat109,AJ,50,188318,0.0002655083422721142,1975.3736,1889.265,1742.4175000000005
cat116,CM,51,188318,0.00027081850911755647,1405.536274509804,1238.58,1026.53
cat116,DL,51,188318,0.00027081850911755647,3313.4205882352944,1830.23,2833.835
cat109,A,52,188318,0.00027612867596299873,2252.565192307692,1839.025,2220.445
cat109,AE,52,188318,0.00027612867596299873,2882.020961538461,2651.245,2670.545
cat109,AM,52,188318,0.00027612867596299873,1605.5507692307692,1563.965,916.6425000000002
cat110,BR,52,188318,0.00027612867596299873,1523.6153846153843,1336.475,937.5775
cat110,D,52,188318,0.00027612867596299873,2034.9055769230768,1804.365,1247.0475
cat99,M,52,188318,0.00027612867596299873,1991.7725,1627.03,1829.4875
cat113,BB,53,188318,0.00028143884280844105,1425.0205660377358,1324.39,750.03
cat109,AX,54,188318,0.0002867490096538833,1646.7096296296295,1410.35,864.7225000000002
cat116,DT,54,188318,0.0002867490096538833,2540.790740740741,2007.15,2148.8825
cat116,FA,54,188318,0.0002867490096538833,3562.947962962963,2580.175,3261.3425
cat109,AH,55,188318,0.00029205917649932563,2108.246727272727,1805.13,1738.88
cat116,GV,55,188318,0.00029205917649932563,3085.761090909091,1693.93,2684.415
cat110,AB,56,188318,0.0002973693433447679,2358.58125,1823.455,2311.87
cat115,T,56,188318,0.0002973693433447679,3454.972142857143,3009.115,2913.9825
cat109,AQ,57,188318,0.00030267951019021015,1939.4750877192985,1640.39,1299.28
cat109,O,58,188318,0.00030798967703565247,1796.270344827586,1608.8449999999998,1277.3250000000005
cat109,T,59,188318,0.00031329984388109473,1964.49813559322,1737.66,1237.8
cat116,KN,59,188318,0.00031329984388109473,4558.088983050848,2989.91,3755.76
cat109,BX,61,188318,0.0003239201775719793,1518.3565573770493,1276.72,955.18
cat110,BA,61,188318,0.0003239201775719793,3224.240491803279,2446.4,3559.46
cat110,DI,62,188318,0.0003292303444174216,1492.8798387096774,1227.3000000000002,1167.58
cat116,EF,62,188318,0.0003292303444174216,2689.02,1954.045,2185.6575000000003
cat92,C,62,188318,0.0003292303444174216,5761.742903225806,4586.845,5800.1175
cat105,N,64,188318,0.00033985067810830615,7031.06546875,5558.05,6511.6925
cat106,O,66,188318,0.00035047101179919073,2319.965909090909,1961.11,2287.7775
cat109,CA,66,188318,0.00035047101179919073,1931.6733333333332,1794.98,1345.6475000000005
cat109,Q,66,188318,0.00035047101179919073,2270.1943939393936,1861.85,1938.86
cat110,X,66,188318,0.00035047101179919073,3258.7730303030303,2625.0600000000004,2757.1825
cat116,EG,66,188318,0.00035047101179919073,2607.50393939394,2516.825,1909.0825
cat104,A,68,188318,0.0003610913454900753,3527.34,2190.955,3168.36
cat110,CN,70,188318,0.0003717116791809599,4063.739571428572,2534.28,4129.635
cat116,GM,70,188318,0.0003717116791809599,3253.829,2409.58,2314.735
cat116,GR,70,188318,0.0003717116791809599,2440.7067142857145,2030.535,2227.6725
cat90,D,70,188318,0.0003717116791809599,6060.263,5637.195,5406.829999999999
cat110,CV,72,188318,0.0003823320128718444,1747.350138888889,1656.31,1266.5325000000005
cat109,H,73,188318,0.00038764217971728673,1991.8964383561645,1965.4,1605.5
cat116,DX,73,188318,0.00038764217971728673,2731.511506849315,2131.31,2559.74
cat109,AW,74,188318,0.000392952346562729,2063.627027027027,1867.425,1657.5024999999996
cat106,A,75,188318,0.00039826251340817126,3259.5108,2003.69,2515.4
cat107,A,75,188318,0.00039826251340817126,3259.5108,2003.69,2515.4
cat115,A,75,188318,0.00039826251340817126,3259.5108,2003.69,2515.4
cat105,A,77,188318,0.00040888284709905584,3015.3992207792207,1880.77,2382.02
cat116,E,77,188318,0.00040888284709905584,2790.546233766234,2321.15,2363.89
cat116,EH,77,188318,0.00040888284709905584,3152.595064935065,2599.38,3037.73
cat116,HR,77,188318,0.00040888284709905584,3890.0715584415584,1970.9,3750.53
cat116,MP,77,188318,0.00040888284709905584,2843.800779220779,2479.12,1977.9
cat109,U,78,188318,0.00041419301394449815,1876.6805128205128,1728.065,1388.23
cat116,IY,79,188318,0.0004195031807899404,2585.457088607595,2133.19,1699.9299999999998
cat63,B,79,188318,0.0004195031807899404,3927.173417721519,2888.95,3523.74
cat116,ES,80,188318,0.0004248133476353827,5097.02125,3562.31,4606.7075
cat116,MA,81,188318,0.000430123514480825,3455.5885185185184,1932.21,2313.21
cat88,E,83,188318,0.0004407438481717096,2831.3069879518075,2140.93,1940.005
cat116,EN,84,188318,0.00044605401501715184,3425.953809523809,2238.375,3640.89
cat116,GW,84,188318,0.00044605401501715184,6464.232857142858,2932.865,5498.1225
cat116,AC,85,188318,0.0004513641818625941,3832.058588235294,2634.34,3566.04
cat104,P,86,188318,0.0004566743487080364,3035.8196511627907,2503.945,2100.7275
cat116,CF,87,188318,0.0004619845155534787,3260.2527586206897,2852.45,3067.920000000001
cat109,L,89,188318,0.00047260484924436326,3689.716853932584,3018.58,4032.75
cat116,JL,89,188318,0.00047260484924436326,1516.9467415730337,1253.28,1016.59
cat110,AR,90,188318,0.0004779150160898055,2671.805,1694.355,3059.4075000000003
cat111,Q,91,188318,0.00048322518293524784,6552.888901098901,5631.94,4557.71
cat94,E,91,188318,0.00048322518293524784,1256.722087912088,1110.65,818.325
cat99,H,93,188318,0.0004938455166261324,1894.659569892473,1543.32,1593.3300000000002
cat109,I,94,188318,0.0004991556834715746,2149.9256382978724,2122.7250000000004,1486.9075
cat116,KT,94,188318,0.0004991556834715746,6609.439680851064,3786.61,6739.802500000002
cat116,IU,96,188318,0.0005097760171624593,4269.758854166666,2960.23,3871.4775
cat116,MI,96,188318,0.0005097760171624593,4568.883958333333,2722.98,3766.8725
cat116,JU,97,188318,0.0005150861840079016,4553.417525773196,2563.44,3759.75
cat91,F,97,188318,0.0005150861840079016,5747.867525773196,5145.5,6342.129999999999
cat107,P,100,188318,0.0005310166845442284,3138.6723,2389.165,3534.1825
cat116,DU,100,188318,0.0005310166845442284,3828.2608,2335.66,4012.3449999999993
cat116,BO,101,188318,0.0005363268513896706,3080.019603960396,2475.9,2420.4500000000003
cat116,DW,103,188318,0.0005469471850805553,3539.0051456310684,2736.83,2399.65
cat110,O,104,188318,0.0005522573519259975,1370.5470192307694,1229.88,961.8575
cat103,I,109,188318,0.0005788081861532089,7276.575963302753,6280.68,5231.67
cat109,CI,109,188318,0.0005788081861532089,1809.510458715596,1525.92,1258.9600000000005
cat95,B,109,188318,0.0005788081861532089,1820.938623853211,1631.0,1464.4999999999998
cat116,CT,113,188318,0.0006000488535349781,3283.837433628318,2912.43,3513.71
cat116,HW,118,188318,0.0006265996877621895,2476.6386440677966,1698.915,1796.0475
cat110,DH,120,188318,0.0006372200214530741,3196.9566666666665,2498.3100000000004,3125.3675000000007
cat110,AL,121,188318,0.0006425301882985163,1984.5146280991733,1848.45,1320.16
cat109,BL,122,188318,0.0006478403551439586,1997.1469672131147,1690.835,1723.2025
cat116,KU,123,188318,0.0006531505219894009,3496.26674796748,2240.92,3066.7899999999995
cat109,F,124,188318,0.0006584606888348432,2864.1808870967743,2566.8,2907.745000000001
cat116,GJ,124,188318,0.0006584606888348432,4291.897419354839,3206.765,4793.2975
cat107,O,125,188318,0.0006637708556802855,2950.61352,2471.53,3120.76
cat116,FG,125,188318,0.0006637708556802855,2566.91008,2114.8,1979.28
cat106,C,129,188318,0.0006850115230620546,6771.240542635659,3183.76,3346.56
cat116,KJ,130,188318,0.0006903216899074969,3451.036,2297.865,2656.99
cat116,HP,136,188318,0.0007221826909801506,3854.7555147058815,2155.28,2635.5775
cat116,ID,136,188318,0.0007221826909801506,2783.8891911764704,1961.665,2608.21
cat116,LD,137,188318,0.0007274928578255928,5924.279927007299,3145.27,5717.95
cat101,R,138,188318,0.0007328030246710352,8564.376594202899,7287.925,5563.387500000001
cat110,DU,138,188318,0.0007328030246710352,2597.97847826087,2064.28,1592.4275
cat116,K,138,188318,0.0007328030246710352,3298.431449275362,2338.035,2377.7625
cat107,Q,140,188318,0.0007434233583619198,2985.1141428571427,2211.245,2924.6025
cat116,IQ,142,188318,0.0007540436920528043,3468.794718309859,2646.295,3921.8449999999993
cat68,B,142,188318,0.0007540436920528043,4507.56647887324,2683.205,4004.88
cat109,CD,143,188318,0.0007593538588982466,2009.5355244755249,1643.42,1421.8399999999997
cat113,C,143,188318,0.0007593538588982466,4310.165804195804,3160.92,4190.225
cat112,AJ,144,188318,0.0007646640257436888,3191.479861111111,2312.635,2576.4625
cat105,L,145,188318,0.0007699741925891312,6631.49475862069,3805.29,6176.16
cat116,ED,145,188318,0.0007699741925891312,3905.702068965517,2939.37,2873.89
cat55,B,145,188318,0.0007699741925891312,4560.213586206896,3580.65,3535.57
cat110,BG,146,188318,0.0007752843594345735,1803.6042465753424,1608.135,1496.9775
cat109,R,149,188318,0.0007912148599709003,3356.65,2696.88,3534.6799999999994
cat116,FX,149,188318,0.0007912148599709003,4891.5011409395975,3066.98,4149.13
cat109,AL,151,188318,0.0008018351936617848,2319.1014569536424,1922.66,1833.2650000000003
cat116,GL,151,188318,0.0008018351936617848,2859.5750993377487,2061.3,2667.09
cat104,N,153,188318,0.0008124555273526695,3861.0956209150327,2557.33,2816.87
cat110,CJ,153,188318,0.0008124555273526695,3206.171633986928,2020.4,2940.15
cat109,AS,159,188318,0.0008443165284253232,2669.9440251572328,1898.61,2445.85
cat116,KI,166,188318,0.0008814876963434192,2427.936987951807,1884.82,2388.295
cat105,M,171,188318,0.0009080385305706305,6275.504035087719,3519.23,5465.244999999999
cat116,FE,171,188318,0.0009080385305706305,3912.528713450293,2906.84,3131.605
cat101,S,173,188318,0.0009186588642615152,8993.138439306358,8280.08,5316.499999999999
cat116,DN,174,188318,0.0009239690311069574,2607.6583908045977,1884.665,2131.305
cat110,E,175,188318,0.0009292791979523997,2485.3404571428573,2089.18,2045.42
cat110,EM,176,188318,0.000934589364797842,4427.839375,2621.495,4455.8725
cat109,CL,178,188318,0.0009452096984887265,4416.924494382023,2621.495,4489.0375
cat110,EA,181,188318,0.0009611401990250534,3123.9773480662984,2224.66,3114.61
cat56,B,182,188318,0.0009664503658704957,4195.370769230769,3368.23,3255.0975000000003
cat116,JX,184,188318,0.0009770706995613802,4674.847173913044,2730.94,3654.515
