field,supported_levels,low_level,low_support,low_denominator,low_row_share,low_median_loss,high_level,high_support,high_denominator,high_row_share,high_median_loss,median_loss_spread
cat57,2,A,185296,188318,0.9839526757930734,2081.9300000000003,B,3022,188318,0.016047324206926582,9532.34,7450.41
cat89,3,A,183744,188318,0.975711296848947,2073.635,B,4312,188318,0.02289743943754713,7666.925,5593.29
cat7,2,A,183744,188318,0.975711296848947,2073.635,B,4574,188318,0.024288703151053005,7614.575,5540.94
cat101,11,A,106721,188318,0.566706315912446,1739.25,Q,2762,188318,0.014666680827111587,6016.505,4277.255
cat114,11,E,16475,188318,0.08748499877866163,1308.6,U,250,188318,0.001327541711360571,5480.139999999999,4171.539999999999
cat87,4,A,788,188318,0.0041844114742085195,1486.84,D,11719,188318,0.06222984526173812,5270.12,3783.2799999999997
cat79,4,B,152929,188318,0.8120785055066431,1858.84,D,26657,188318,0.14155311759895495,5440.81,3581.9700000000003
cat85,4,A,788,188318,0.0041844114742085195,1486.84,D,514,188318,0.002729425758557334,4932.485000000001,3445.6450000000004
cat78,4,A,788,188318,0.0041844114742085195,1486.84,D,359,188318,0.00190634989751378,4927.44,3440.5999999999995
cat90,3,A,177993,188318,0.9451725273208084,2033.38,C,728,188318,0.0038658014634819827,5240.12,3206.74
