cont2_bin,mean,median,std,count
"(0.00014999999999999996, 0.2]",2120.2675923225293,1740.26,1503.6415875424639,21257
"(0.2, 0.299]",2650.0547373934573,2109.64,2002.6991120770945,21001
"(0.299, 0.358]",2815.646257480863,2141.76,2233.165581567073,14370
"(0.358, 0.489]",3008.0306952621254,2190.185,2547.2924367886317,35670
"(0.489, 0.556]",3216.650566865316,2221.06,3004.0556353244588,20975
"(0.556, 0.621]",3398.676783060921,2258.145,3414.0567439256492,20190
"(0.621, 0.737]",3399.2396817108047,2225.165,3411.8369837316086,32172
"(0.737, 0.786]",3422.4219560581587,2107.07,3744.1390001241393,15475
"(0.786, 0.863]",3481.2555799112097,2123.25,3795.258897086738,7208
