,count,mean,std,min,25%,50%,75%,max,skew
cont1,188318.0,0.4938613645641947,0.1876401764138862,1.6e-05,0.34609,0.475784,0.623912,0.984975,0.5164240212162501
cont2,188318.0,0.507188356179441,0.2072017386098137,0.001149,0.358319,0.555782,0.681761,0.862654,-0.31094125136830164
cont3,188318.0,0.49891845072165164,0.20210460819343737,0.002634,0.336963,0.527991,0.634224,0.944251,-0.010002283912087023
cont4,188318.0,0.49181230258923736,0.21129221269283563,0.176921,0.327354,0.452887,0.652072,0.954297,0.4160960294956771
cont5,188318.0,0.4874277287832284,0.209026828544504,0.281143,0.281143,0.422268,0.643315,0.983674,0.6816224364137882
cont6,188318.0,0.49094453373548996,0.2052725698355303,0.012683,0.336105,0.440945,0.655021,0.997162,0.4612142679626868
cont7,188318.0,0.48497020506802324,0.17845016396070917,0.069503,0.350175,0.438285,0.591045,1.0,0.8260528331279865
cont8,188318.0,0.4864373158699647,0.19937045456133262,0.23688,0.3128,0.44106,0.62358,0.9802,0.6766340713246526
cont9,188318.0,0.48550631989507115,0.18166017135075613,8e-05,0.35897,0.44145,0.56682,0.9954,1.072428719811583
cont10,188318.0,0.4980658504232204,0.18587672593201843,0.0,0.36458,0.46119,0.61459,0.99498,0.35500094742512944
cont11,188318.0,0.4935110085546788,0.20973651144747818,0.035321,0.310961,0.457203,0.678924,0.998742,0.28082142843754276
cont12,188318.0,0.4931504256258032,0.20942662107602888,0.036232,0.311661,0.462286,0.675759,0.998484,0.2919920804036288
cont13,188318.0,0.4931376158359797,0.21277724232240963,0.000228,0.315758,0.363547,0.689974,0.988494,0.3807422004805747
cont14,188318.0,0.49571701797491485,0.22248753955922576,0.179722,0.29461,0.407403,0.724623,0.844848,0.24867408719289721
