id,description,affected_count,severity,owner,status,evidence,handling_decision,likely_impact
A-01,"Header contains id, cat1-cat116, cont1-cont14, loss in order",0,n/a,Mia,resolved,header order check cell,none needed,none
A-02,id column has zero missing values,0,n/a,Mia,resolved,id missing-values check cell,none needed,none
A-03,id column is unique across all rows,0,n/a,Mia,resolved,id uniqueness check cell,none needed,none
A-04,Table contains zero exact duplicate rows,0,n/a,Mia,resolved,duplicate rows check cell,none needed,none
A-05,Table contains zero missing cells,0,n/a,Mia,resolved,missing cells check cell,none needed,none
A-06,All cont* fields are numeric and within documented 0-to-1 range,0,n/a,Mia,resolved,cont* dtype and range check cell,none needed,none
A-07,"loss is numeric, finite, and strictly positive",0,n/a,Mia,resolved,loss field check cell,none needed,none
A-08,"cat* fields spot-checked and read as object dtype, not numeric or ordered",0,n/a,Mia,resolved,cat* dtype spot-check cell,none needed,none
A-09,Per-column profile generated for all 132 fields,0,n/a,Mia,resolved,profile.csv,none needed,none
